interStrokeTime,strokeDuration,startX,startY,stopX,stopY,distanceEndToEnd,meanResultantLength,UDLRflag,directionEndToEnd,20pcPairwiseVelocity,50pcPairwiseVelocity,80pcPairwiseVelocity,20pcPairwiseAccel,50pcPairwiseAccel,80pcPairwiseAccel,medianVelocityLast3Points,largestDeviationEndToEnd,20pcDeviationEndToEnd,50pcDeviationEndToEnd,80pcDeviationEndToEnd,averageDirection,trajectoryLength,distE2EandtrajLength,averageVelocity,medianAccellerationAtFirst5points,midStrokePressure,midStrokeAreaCovered,midStrokeFingerOrientation,changeFingerOrientation,phoneOrientation,docID,phoneID,userID
5.28,1.742,25.501,-28.928,20.864,-33.867,6.7742,0.08,1,-2.3246,8.7814,24.191,47.958,-437.67,-58.987,553.14,21.095,11.993,3.0791,10.606,11.157,-1.0624,50.294,0.13469,28.872,117.49,0.73,0.044444,0,0,1,4,3,18
0.668,0.232,26.811,-27.214,1.8143,-39.713,27.947,0.80414,4,-2.6779,38.096,75.561,191.42,-6228.2,486.28,2240.3,129.7,2.5693,0.013523,0.7663,2.2087,-2.7288,28.905,0.96687,124.59,1521.1,0.76,0.044444,0,0,1,4,3,18
0.998,0.332,25.803,-27.92,2.2175,-39.209,26.148,0.8425,4,-2.6952,55.394,84.48,106.14,-742.76,-69.729,1021.4,74.657,2.2892,0.12184,1.0028,2.1108,-2.7051,26.76,0.97712,80.603,687.51,0.74,0.044444,0,0,1,4,3,18
0.915,0.551,4.3341,-35.782,28.021,-30.641,24.238,0.95731,2,0.21371,4.6033,35.581,83.568,-2060.2,65.654,1362.7,68.968,-0.88064,-0.83793,-0.70753,0.11988,0.14514,24.599,0.98531,44.645,-905.69,0.81,0.044444,0,0,1,4,3,18
2.366,0.248,6.0476,-34.673,26.005,-29.936,20.512,0.96877,2,0.23306,14.263,96.762,114.71,-1656.4,-175.32,746.84,79.795,-2.1966,-1.8361,-0.68301,0,0.22037,21.078,0.97313,84.992,0,0.84,0.044444,0,0,1,4,3,18
0.588,0.201,25.702,-27.517,2.6206,-37.092,24.989,0.76472,4,-2.7484,24.053,68.769,173.23,-18272,-2766.8,15303,90.851,1.9901,0,0.49315,1.186,-2.727,25.572,0.97721,127.22,-516.57,0.75,0.044444,0,0,1,4,3,18
1.197,0.275,27.416,-28.323,3.6286,-35.782,24.929,0.86976,4,-2.8377,56.549,74.625,477.77,-21220,364.87,1.4685e+005,78.032,2.0001,0.2111,1.1549,1.7421,-2.8299,25.417,0.98081,92.425,364.87,0.69,0.044444,0,0,1,4,3,18
0.598,0.336,3.6286,-35.076,26.408,-32.254,22.954,0.85404,2,0.12327,8.6286,53.015,99.534,-1315.7,-264.73,1152.3,37.007,-1.4606,-0.63912,0,0.23724,-0.023783,23.524,0.97573,70.013,205.88,0.86,0.044444,0,0,1,4,3,18
5.408,0.293,5.4429,-34.774,24.997,-31.044,19.906,0.95617,2,0.18846,36.58,65.946,272.55,-17169,-588.61,1.364e+005,36.76,-2.0868,-1.7994,-0.94722,-0.11733,0.23979,20.5,0.97106,69.965,-5536,0.76,0.044444,0,0,1,4,3,18
0.566,0.326,25.299,-26.61,3.3262,-35.076,23.548,0.85258,4,-2.7738,20.033,45.816,105.94,-1191.9,-408.99,1027.1,33.407,1.4281,0.079729,0.47846,1.2302,-2.8235,23.865,0.98672,73.205,525,0.74,0.044444,0,0,1,4,3,18
1.733,0.303,25.4,-27.214,2.3183,-36.588,24.913,0.85867,4,-2.7558,44.67,75.889,586.75,-24712,62.817,2.6832e+005,328.57,1.9766,0.15611,1.3592,1.7646,-2.8216,25.533,0.9757,84.267,719.7,0.69,0.044444,0,0,1,4,3,18
0.537,0.255,3.427,-34.068,23.687,-28.424,21.031,0.96139,2,0.27172,1.7818,90.502,122.6,-3746.6,433.56,3907.1,82.057,-2.2467,-1.8034,-0.74488,-0.042026,0.24756,21.612,0.97314,84.752,1002.4,0.81,0.044444,0,0,1,4,3,18
1.793,0.226,4.0317,-33.463,21.368,-29.029,17.895,0.92815,2,0.25044,2.3998,74.628,124.51,-14007,-563.81,2373.1,60.413,-1.467,-1.1316,-0.37697,-0.068354,0.29169,18.269,0.9795,80.837,0,0.84,0.044444,0,0,1,4,3,18
0.841,0.663,28.726,-24.795,0.60476,-36.286,30.378,0.65888,4,-2.7537,7.3657,16.799,85.543,-733.79,20.929,695.37,48.278,3.9238,0.048659,0.51468,2.4711,-2.8893,32.019,0.94875,48.295,-462.85,0.66,0.044444,0,0,1,4,3,18
2.476,0.227,20.562,-26.912,1.5119,-36.689,21.412,0.81946,4,-2.6674,17.234,96.876,200.56,-12337,-1986.6,44775,70.97,2.0478,0.16355,0.62059,1.342,-2.8573,22.075,0.96998,97.247,-2177.7,0.73,0.044444,0,0,1,4,3,18
0.553,0.277,2.8222,-37.294,22.88,-31.548,20.865,0.96825,2,0.27896,6.1467,53.339,100.21,-696.54,379.5,1127.5,95.647,-1.3493,-0.87962,-0.2902,0,0.30143,21.13,0.98745,76.281,816.36,0.86,0.066667,0,0,1,4,3,18
1.887,0.199,8.769,-31.75,22.578,-30.238,13.891,0.90888,2,0.10905,22.044,67.238,260.95,-31932,-1103.5,94334,61.171,-1.2689,-1.1005,-0.28961,0.10246,0.097333,14.535,0.95571,73.04,352.09,0.76,0.044444,0,0,1,4,3,18
0.554,0.329,23.384,-27.617,5.3421,-34.27,19.229,0.86185,4,-2.7883,37.429,47.162,81.898,-2864.9,-249.47,3051.4,40.929,1.5015,0.1091,0.72433,1.38,-2.7941,19.584,0.98188,59.527,1005.3,0.68,0.044444,0,0,1,4,3,18
2.288,0.613,22.88,-27.517,2.6206,-36.991,22.366,0.81041,4,-2.7041,6.9328,34.632,87.367,-633.03,-121.25,456.01,26.225,1.7057,0.28018,1.4429,1.6486,-2.6125,23.239,0.96243,37.91,25208,0.7,0.044444,0,0,1,4,3,18
0.547,0.249,9.6762,-32.153,24.392,-31.145,14.75,0.71111,2,0.068386,0,32.306,102.34,-1450.8,832.98,2658.1,82.952,-2.0828,-1.2057,0,0.11681,0.24422,16.272,0.9065,65.349,91.645,0.99,0.044444,0,0,1,4,3,18
1.905,0.2,10.483,-30.944,26.206,-27.718,16.051,0.91757,2,0.20232,40.65,88.808,139.02,-6963.6,-358.01,34548,81.491,-1.1773,-1.0129,-0.47597,-0.0098738,0.32916,16.386,0.97958,81.929,412.4,0.84,0.044444,0,0,1,4,3,18
0.401,0.198,24.392,-25.299,5.2413,-33.564,20.858,0.78296,4,-2.7342,30.348,74.122,152.15,-6912,99.346,4235.5,119.08,0.90789,0,0.10277,0.83094,-2.6988,20.98,0.99419,105.96,621.08,0.63,0.044444,0,0,1,4,3,18
1.664,0.199,23.989,-27.416,8.8698,-31.347,15.622,0.81708,4,-2.8872,22.121,100.79,132.41,-4969.9,-395.84,26960,80.383,0.94039,0.044483,0.31411,0.82215,-3.0281,15.84,0.98622,79.598,25196,0.7,0.044444,0,0,1,4,3,18
0.477,0.251,3.931,-33.967,20.965,-31.044,17.283,0.92378,2,0.16994,0,45.233,92.275,-1159.4,306.16,999.74,71.596,-1.2385,-0.63308,-0.1305,0,0.23932,17.607,0.98163,70.146,306.16,0.735,0.044444,0,0,1,4,3,18
2.402,0.199,6.6524,-32.556,21.57,-30.54,15.053,0.90929,2,0.13432,0,73.573,108.2,-2675.8,-668.19,4611.6,84.947,-1.123,-0.94352,-0.32125,2.2204e-017,0.18997,15.369,0.97945,77.231,4028.4,0.73,0.044444,0,0,1,4,3,18
0.408,0.205,23.888,-28.021,6.2492,-33.161,18.373,0.7717,4,-2.858,19.941,53.639,97.296,-1674.6,-551.22,2270.4,63.563,1.1463,6.2172e-016,0.18524,0.59205,-2.7894,18.632,0.9861,90.886,2143.6,0.63,0.044444,0,0,1,4,3,18
3.46,0.175,20.763,-28.424,5.5437,-33.867,16.164,0.674,4,-2.7981,47.023,85.403,629.55,-27917,-550.51,2.9138e+005,106.36,0.66247,0,0.076052,0.46643,-2.7354,16.244,0.99509,92.82,2749.9,0.66,0.044444,0,0,1,4,3,18
0.47,0.212,2.8222,-36.689,21.771,-30.843,19.83,0.96521,2,0.29925,8.1929,45.816,100.93,-2111.3,765.03,1556.1,100.19,-1.2039,-0.47942,-0.040472,0.023259,0.29043,20.108,0.98618,94.851,1182.1,0.82,0.088889,0,0,1,4,3,18
1.629,0.133,6.854,-32.96,18.748,-30.137,12.224,0.9635,2,0.23298,9.6569,117.66,181.23,-7614.4,612.18,29436,166.63,-0.9192,-0.62316,-0.12633,0,0.37602,12.422,0.98406,93.398,6851.4,0.745,0.044444,0,0,1,4,3,18
0.566,0.326,24.19,-27.113,5.3421,-34.572,20.271,0.87068,4,-2.7648,32.682,64.521,90.752,-1883.5,-115.54,4496.8,73.604,0.90865,0.07593,0.48791,0.80366,-2.8127,20.444,0.99149,62.713,762.62,0.69,0.044444,0,0,1,4,3,18
3.339,0.185,21.267,-28.928,4.0317,-35.782,18.548,0.79474,4,-2.7631,42.733,100.8,143.74,-11195,-1271.1,1220.3,76.176,1.5364,0,0.5102,1.1517,-2.7644,18.967,0.97795,102.52,864.23,0.67,0.044444,0,0,1,4,3,18
0.541,0.18,4.9389,-36.387,23.082,-31.448,18.803,0.96955,2,0.26578,16.776,54.314,149.21,-1458.6,707.77,2774.6,137.58,-1.133,-0.67111,-0.13291,0,0.40555,19.071,0.98598,105.95,1881.4,0.94,0.044444,0,0,1,4,3,18
5.856,0.112,10.886,-31.649,24.896,-27.214,14.695,0.89871,2,0.30657,5.0397,101.52,655.15,-49913,-5593,4.1033e+005,157.28,-1.0142,-0.86582,-0.41963,0,0.41385,15.03,0.97776,134.19,3685.3,0.85,0.044444,0,0,1,4,3,18
0.427,0.174,21.872,-26.005,3.0238,-36.487,21.567,0.76625,4,-2.634,41.443,95.666,174.8,-7166.9,-1689.1,33317,115.6,1.1084,0,0.46493,1.0078,-2.6795,21.836,0.98771,125.49,-1650.8,0.65,0.044444,0,0,1,4,3,18
1.473,0.157,21.771,-27.718,3.7294,-36.689,20.149,0.61385,4,-2.6802,32.771,124.7,326.33,-29714,-3292.3,85956,129.1,1.3311,0,0.44421,1.1778,-2.5656,20.391,0.98814,129.88,-3292.3,0.665,0.044444,0,0,1,4,3,18
0.4,0.175,6.5516,-33.262,22.376,-28.625,16.49,0.98634,2,0.28502,4.2259,49.344,133.64,-3225.8,935.9,4194.4,123.55,-0.35056,-0.24367,-0.065922,0,0.28076,16.517,0.99834,94.384,1016.4,0.74,0.044444,0,0,1,4,3,18
1.649,0.129,8.3659,-31.952,20.663,-28.021,12.91,0.97497,2,0.30941,18.553,79.159,163.62,-17082,1063.5,30142,120.76,-0.24631,-0.18611,-0.070825,0,0.30798,12.95,0.9969,100.39,3328.9,0.81,0.044444,0,0,1,4,3,18
0.457,0.256,19.05,-31.246,2.6206,-39.108,18.214,0.79999,4,-2.6953,29.704,54.979,101.28,-2284.9,-131.45,3000.6,52.645,2.0103,0,0.46854,1.5147,-2.7402,18.825,0.96754,73.534,892.22,0.67,0.044444,0,0,1,4,3,18
1.253,0.173,21.066,-30.339,2.5198,-39.31,20.602,0.78324,4,-2.6911,43.251,124.65,518.18,-36695,-3988.8,2.0264e+005,82.521,1.6727,0.017851,0.87778,1.6266,-2.7672,21.154,0.9739,122.28,-13813,0.65,0.044444,0,0,1,4,3,18
0.431,0.193,5.6444,-35.076,20.663,-31.044,15.55,0.89102,2,0.26227,8.1262,38.767,73.925,-2165.1,513.06,1677.7,75.611,-1.0728,-0.50078,-0.032013,0.05488,0.35537,15.978,0.97319,82.789,368.15,0.91,0.044444,0,0,1,4,3,18
2.271,0.136,6.5516,-34.673,19.756,-29.835,14.062,0.90867,2,0.35122,22.594,112.69,257.96,-12489,-1763.5,29972,102.19,-0.92545,-0.7853,-0.27272,0,0.48741,14.293,0.98387,105.1,5831.9,0.84,0.044444,0,0,1,4,3,18
0.465,0.214,23.485,-27.617,5.9468,-34.371,18.793,0.78735,4,-2.774,22.55,64.27,107,-1655.4,95.049,1193.1,71.256,1.2206,0,0.15244,0.61259,-2.7625,19.021,0.98805,88.882,938.89,0.67,0.044444,0,0,1,4,3,18
2.53,0.158,19.453,-29.936,3.8302,-37.092,17.184,0.46736,4,-2.7121,0,129.58,573.58,-17054,-207.1,1.5328e+005,128.68,1.3763,-8.8818e-017,0.53031,1.1891,-2.5638,17.533,0.98008,110.97,28264,0.68,0.044444,0,0,1,4,3,18
0.358,0.127,6.4508,-33.262,22.175,-29.029,16.284,0.97283,2,0.26299,0,89.566,176.49,-39433,-6639.8,14017,141.54,-0.68878,-0.50685,-0.25829,-7.9936e-016,0.26381,16.379,0.99417,128.97,-6639.8,0.72,0.044444,0,0,1,4,3,18
2.132,0.108,4.0317,-33.967,16.228,-30.137,12.783,0.9638,2,0.3043,27.384,109.26,748.87,-36305,-2291.6,4.031e+005,131.46,-0.84719,-0.70716,-0.26385,0,0.38671,12.943,0.98769,119.84,-2291.6,0.8,0.044444,0,0,1,4,3,18
0.371,0.148,17.538,-29.331,2.3183,-36.387,16.776,0.74088,4,-2.7075,35.181,80.264,164.2,-5794.4,-1489.7,9893.3,99.644,1.1391,0,0.31915,0.74307,-2.6977,17.016,0.98587,114.97,-1181,0.685,0.044444,0,0,1,4,3,18
2.229,0.133,16.933,-29.533,2.923,-36.89,15.825,0.77892,4,-2.658,59.617,104.48,189.11,-22878,-1693.8,2465.6,77.028,0.76396,0,0.41729,0.74117,-2.6018,15.977,0.99048,120.13,-1000.9,0.7,0.044444,0,0,1,4,3,18
0.398,0.154,4.3341,-33.564,21.973,-26.307,19.073,0.96968,2,0.39032,0,94.494,183.28,-4216.1,1931.6,4912.6,157.87,-0.79098,-0.638,-0.071374,0,0.36536,19.17,0.99498,124.48,3411.9,0.72,0.044444,0,0,1,4,3,18
2.643,0.126,7.2571,-31.448,19.655,-26.307,13.421,0.98031,2,0.39306,27.312,116.35,896.96,-43250,-1134.5,4.5513e+005,568.38,-0.57,-0.49279,-0.19303,0,0.39706,13.484,0.99533,107.02,64.922,0.78,0.044444,0,0,1,4,3,18
0.341,0.165,24.594,-24.19,3.2254,-34.975,23.936,0.73631,4,-2.6742,40.716,144.51,201.37,-9189.5,-1693.1,4586.4,100.1,1.68,0,0.50212,1.1318,-2.6257,24.289,0.98545,147.21,-1014.6,0.68,0.044444,0,0,1,4,3,18
2.817,0.142,17.337,-28.021,1.0079,-37.898,19.084,0.77315,4,-2.5975,38.025,149.16,1312,-74292,-3080.7,5.6697e+005,115.34,1.382,0,0.55258,1.3431,-2.5605,19.428,0.98227,136.82,2.2266e+005,0.64,0.044444,0,0,1,4,3,18
0.402,0.125,21.066,-23.586,3.6286,-35.177,20.938,0.82799,4,-2.5549,104.28,168.96,217.88,-13075,-1561.4,1721.6,120.7,0.90345,-1.7764e-016,0.58612,0.85594,-2.4769,21.082,0.99321,168.65,53.227,0.79,0.044444,0,0,1,4,3,18
0.368,0.162,8.2651,-30.339,26.509,-26.71,18.601,0.98839,2,0.19633,0,85.599,160.65,-23290,0,7489.3,114.99,-0.59861,-0.33246,-0.059533,0,0.18563,18.657,0.997,115.17,0,0.81,0.044444,0,0,1,4,3,18
3.405,0.132,5.6444,-32.355,20.763,-26.509,16.21,0.91134,2,0.36896,56.056,100.24,476.34,-32556,-2293.1,2.3634e+005,97.897,-1.5192,-1.3852,-0.55529,0,0.45055,16.685,0.97154,126.4,1627.8,0.895,0.044444,0,0,1,4,3,18
0.391,0.173,23.082,-27.718,6.4508,-32.859,17.407,0.69477,4,-2.8418,22.679,91.273,141.62,-5078.2,-939.54,7565.3,99.573,0.98224,0,0.22324,0.76058,-2.9181,17.685,0.9843,102.23,-821.6,0.63,0.044444,0,0,1,4,3,18
0.571,0.21,20.058,-29.936,4.4349,-34.371,16.24,0.56039,4,-2.865,10.218,76.227,108.99,-1152.7,-415.78,1755.1,68.554,1.0478,4.4409e-016,0.20831,0.80667,-2.7229,16.402,0.99013,78.105,-343.05,0.68,0.044444,0,0,1,4,3,18
3.113,0.245,16.53,-31.649,8.4667,-32.758,8.1394,0.87808,4,-3.0049,18.173,31.968,45.815,-1327.3,-318.21,600.68,14.879,-0.25213,-0.075889,0,0.17125,-2.9705,8.3198,0.97831,33.959,-1569.5,0.64,0.044444,0,0,1,4,3,18
0.446,0.228,1.9151,-37.697,22.275,-31.851,21.183,0.9643,2,0.27961,18.632,58.772,137.06,-2083.2,266.17,3078.7,132.76,-1.8119,-1.3812,-0.44843,-0.020719,0.40683,21.619,0.97984,94.82,652.48,0.73,0.044444,0,0,1,4,3,18
1.116,0.154,4.4349,-34.673,19.252,-31.246,15.208,0.99252,2,0.2273,0,90.257,165.42,-4878.1,0,2686.4,142.67,-0.34337,-0.24657,0,0,0.13924,15.236,0.99818,98.932,0,0.77,0.044444,0,0,1,4,3,18
0.372,0.189,20.058,-29.432,2.8222,-36.689,18.701,0.78593,4,-2.7431,36.849,74.239,174.17,-17816,-2161.9,30862,68.19,1.2272,0,0.37647,0.9001,-2.7297,18.949,0.98691,100.26,515.07,0.71,0.044444,0,0,1,4,3,18
3.099,0.176,20.562,-29.734,3.931,-37.092,18.186,0.69031,4,-2.7251,33.83,83.422,562.53,-26268,-1751.1,2.7819e+005,84.505,1.0821,0,0.79941,0.96823,-2.6506,18.447,0.98583,104.81,804.57,0.7,0.044444,0,0,1,4,3,18
0.418,0.157,3.931,-37.092,20.36,-31.75,17.276,0.94554,2,0.31437,0,76.603,148.02,-4485.3,-342.66,6366.8,118.45,-1.5954,-0.8962,-0.064687,0,0.32886,17.706,0.9757,112.78,0,0.81,0.044444,0,0,1,4,3,18
2.017,0.129,7.2571,-33.867,19.252,-30.944,12.345,0.9698,2,0.23904,7.1277,106.68,165.9,-8151.3,-3606.8,36655,106.68,-0.63859,-0.44323,-0.074063,0,0.25458,12.444,0.99206,96.467,-3606.8,0.71,0.044444,0,0,1,4,3,18
0.735,0.558,25.803,-28.222,6.7532,-34.774,20.145,0.29304,4,-2.8103,0,8.3995,42.517,-704.37,0,977.14,41.913,2.7455,0.22643,0.35755,0.88178,-2.8916,21.412,0.94085,38.372,-99.673,0.63,0.044444,0,0,1,4,3,18
1.154,0.228,28.222,-27.214,10.583,-31.145,18.072,0.58589,4,-2.9223,18.593,72.541,215.64,-16375,-209.13,72566,44.901,1.3076,3.1086e-016,0.79266,1.1861,-2.8184,18.424,0.98087,80.808,737.68,0.67,0.044444,0,0,1,4,3,18
0.352,0.169,3.2254,-35.681,21.167,-30.944,18.556,0.9659,2,0.25815,0.8909,67.9,176.36,-5104.2,-1170.6,9636.4,148.41,-0.76156,-0.55001,-0.091979,0,0.29197,18.718,0.99136,110.76,4593.1,0.81,0.044444,0,0,1,4,3,18
1.477,0.153,8.0635,-32.052,21.368,-28.222,13.845,0.89529,2,0.2803,29.951,116.34,157.79,-5104,-296.57,3828.4,84.647,-1.1814,-1.0459,-0.36249,-4.4409e-016,0.43981,14.235,0.97261,93.039,1699.1,0.88,0.044444,0,0,1,4,3,18
1.235,1.022,13.809,-27.113,0.50397,-38.402,17.449,0.4145,4,-2.438,0,12.959,33.28,-752.36,0,833,51.464,-4.5066,-4.4413,-3.8847,-1.2583,-1.6005,20.377,0.85628,19.939,1038.9,0.75,0.044444,0,0,1,4,3,18
1.409,0.299,18.244,-30.944,2.7214,-36.89,16.622,0.76156,4,-2.7757,18.7,72.156,135.35,-5332.6,854.41,42936,85.265,1.1588,0,0.54579,1.0528,-2.6995,16.995,0.97809,56.839,880.39,0.67,0.044444,0,0,1,4,3,18
0.441,0.248,5.2413,-33.161,21.167,-30.742,16.108,0.65256,2,0.15075,9.857,27.395,94.366,-1789.8,99.663,2121,74.998,0.29895,-0.066223,0.069377,0.24156,-0.035835,16.972,0.94908,68.437,99.663,0.79,0.044444,0,0,1,4,3,18
0.92,0.13,4.9389,-32.96,15.925,-31.044,11.152,0.98086,2,0.17258,50.638,81.437,124.22,-6786.3,-875.64,20871,81.437,-0.77524,-0.73124,-0.33342,2.2204e-016,0.16291,11.323,0.98489,87.102,135.16,0.76,0.044444,0,0,1,4,3,18
0.44,0.236,21.469,-28.726,6.9548,-34.371,15.573,0.83638,4,-2.7707,30.074,62.443,91.087,-9903.8,-584.36,8344.2,35.099,0.62627,-0.13099,0,0.44622,-2.6817,15.67,0.99381,66.399,403.8,0.65,0.044444,0,0,1,4,3,18
2.112,0.522,17.337,-30.843,1.7135,-37.798,17.101,0.55372,4,-2.7228,4.5816,22.024,73.427,-777.21,-190.9,1002.7,20.681,1.2868,0.37379,0.5519,0.90989,-2.5017,17.696,0.96636,33.901,201.24,0.595,0.044444,0,0,1,4,3,18
1.677,1.419,0.80635,-38.302,22.275,-30.641,22.795,0.83173,2,0.34273,0,8.3996,17.481,-650.28,0,699.97,76.539,-2.4089,-1.9363,-0.64447,-0.11815,0.37297,24.733,0.92163,17.43,0,0.63,0.044444,0,0,1,4,3,18
1.126,0.139,6.5516,-32.758,18.143,-28.726,12.272,0.92745,2,0.33474,7.2061,80.458,540.27,-38637,-1079.6,2.8444e+005,82.141,-0.37252,-0.3452,-0.18005,4.4409e-017,0.36397,12.374,0.99181,89.02,-107.31,0.7,0.044444,0,0,1,4,3,18
0.342,0.182,21.066,-27.819,3.2254,-36.588,19.879,0.80236,4,-2.6847,59.879,102.25,531.44,-22492,-2487.7,1.7154e+005,77.549,0.9613,-2.6645e-016,0.42469,0.9104,-2.6214,20.046,0.99165,110.15,5947.7,0.71,0.044444,0,0,1,4,3,18
1.737,0.18,21.167,-27.214,3.8302,-35.782,19.338,0.61335,4,-2.6826,47.843,116.67,347.8,-17823,-1051.8,2570.2,98.036,1.0434,0,0.50592,0.87036,-2.5772,19.528,0.99026,108.49,-727.56,0.67,0.044444,0,0,1,4,3,18
0.441,0.184,5.5437,-31.851,20.562,-27.819,15.55,0.97138,2,0.26227,0,43.164,115.95,-1336.4,644.87,2523.5,113.84,-0.46713,-0.22997,-0.071213,2.2204e-016,0.26725,15.602,0.99668,84.792,2383.6,0.74,0.044444,0,0,1,4,3,18
-1363.6,0.157,4.8381,-32.758,19.957,-27.92,15.874,0.98681,2,0.3097,35.953,139.66,521.3,-22270,-1647.4,2.7643e+005,139.66,-0.77567,-0.6524,-0.20736,-0.0034559,0.36299,15.993,0.9926,101.86,85211,0.77,0.044444,0,0,1,4,3,18
6.897,0.859,21.771,-32.96,21.267,-17.639,15.329,0.73032,3,1.6037,16.623,22.616,42.978,-651.4,-42.78,332.76,19.62,-3.5245,-3.3406,-2.6722,-1.246,1.2522,19.322,0.79335,22.493,-1803.1,0.7,0.044444,0,0,1,1,3,18
4.512,1.163,24.795,-27.013,27.416,-8.769,18.431,0.81404,3,1.4281,8.7281,12.958,23.444,-436.65,12.807,405.29,24.963,-2.5163,-2.2038,-1.7997,-0.58627,1.4594,20.742,0.8886,17.835,-0.025533,0.7,0.088889,0,0,1,1,3,18
13.159,0.894,22.074,-21.57,25.4,-5.2413,16.664,0.86114,3,1.3698,9.1631,17.164,31.096,-798.25,-14.056,851.79,16.558,-2.2771,-1.6902,-1.0059,-0.24326,1.3999,18.41,0.90516,20.593,311.13,0.69,0.088889,0,0,1,1,3,18
2.202,1.553,22.275,-44.853,24.19,-31.851,13.143,0.84465,3,1.4246,5.0397,9.4951,15.874,-323.25,0,370.84,2.9697,-0.65937,-0.54783,-0.44293,-0.12268,1.3495,14.536,0.90415,9.3599,-63.642,0.69,0.044444,0,0,1,1,3,18
9.392,1.562,20.36,-43.039,23.787,-30.54,12.96,0.84643,3,1.3032,5.0397,8.9157,12.8,-436.59,-3.8815,311.08,12.043,-0.84663,-0.71917,-0.61302,-0.4368,1.2176,14.053,0.92218,8.997,-539.01,0.69,0.044444,0,0,1,1,3,18
4.49,1.213,23.283,-38.503,27.214,-26.71,12.431,0.78144,3,1.249,5.9291,10.427,15.606,-652.96,7.5092,439.35,36.61,-1.5299,-1.3706,-0.79684,-0.18806,1.1897,14.207,0.87498,11.712,-236.24,0.69,0.044444,0,0,1,1,3,18
12.408,1.068,24.19,-41.729,28.424,-26.106,16.186,0.84264,3,1.3062,7.5023,14.399,26.392,-710.73,-0.015569,579.3,13.137,-1.6187,-1.2976,-0.71991,-0.1443,1.168,17.075,0.94796,15.988,0,0.48,0.044444,0,0,1,1,3,18
33.91,0.558,25.803,-41.325,29.835,-22.175,19.571,0.82681,3,1.3633,8.2057,24.888,61.841,-970.12,-21.457,1227.3,27.951,-1.3134,-1.1472,-0.58141,-0.1194,1.3099,20.245,0.9667,36.281,260.32,0.59,0.044444,0,0,1,1,3,18
1.567,0.976,22.074,-37.294,24.493,-22.88,14.615,0.90208,3,1.4045,7.6278,13.679,23.494,-570.26,-0.013907,700.56,26.057,-1.9658,-1.8399,-1.7038,-0.23857,1.4269,15.749,0.92797,16.137,-140,0.61,0.044444,0,0,1,1,3,18
1.611,0.978,17.034,-42.333,18.647,-30.44,12.002,0.89151,3,1.436,7.5023,11.862,20.056,-337.83,-5.7691,335.05,13.315,-1.4085,-1.2846,-1.1664,-0.71473,1.4409,13.096,0.91652,13.39,23.159,0.66,0.044444,0,0,1,1,3,18
1.235,0.757,17.034,-42.434,18.748,-30.742,11.817,0.92575,3,1.4253,9.1631,15.915,24.118,-776.03,-4.9549,651.32,7.5232,-0.96719,-0.85956,-0.71615,-0.31784,1.4018,12.382,0.95433,16.357,-305.27,0.63,0.044444,0,0,1,1,3,18
1.238,0.633,17.236,-38.806,19.05,-30.944,8.0685,0.8687,3,1.344,6.5302,13.574,28.56,-1214.3,-128.69,669.96,5.4387,-0.8688,-0.75624,-0.6346,-0.40192,1.3069,8.7317,0.92405,13.794,-259.29,0.67,0.044444,0,0,1,1,3,18
2.563,0.673,18.143,-36.79,20.159,-27.819,9.1943,0.94707,3,1.3497,8.0476,13.891,21.702,-587.47,63.905,599.79,13.831,-0.55137,-0.51049,-0.35082,-0.067402,1.3716,9.5208,0.96571,14.147,415.03,0.63,0.044444,0,0,1,1,3,18
2.283,1.826,18.748,-39.31,21.469,-28.222,11.416,0.7631,3,1.3301,4.291,5.9291,10.245,-286.45,6.9866,301.52,12.427,-1.8759,-1.7185,-1.4977,-0.94231,1.239,13.343,0.85563,7.3071,311.09,0.7,0.044444,0,0,1,1,3,18
15.431,1.321,20.159,-34.673,21.167,-32.153,2.714,0.11229,3,1.1903,5.5997,12.599,22.605,-526.36,0,865.49,28.915,-6.7194,-6.126,-2.8263,-1.6284,1.7409,19.505,0.13914,14.765,76.887,0.81,0.044444,0,0,1,1,3,18
3.8,1.154,16.127,-41.124,20.663,-29.129,12.823,0.89841,3,1.2093,6.7878,11.805,16.799,-579.11,-27.088,319.7,9.4529,-1.6083,-1.4314,-0.90238,-0.29947,1.1774,13.753,0.9324,11.918,-233.34,0.67,0.044444,0,0,1,1,3,18
1.094,0.668,20.159,-34.27,23.586,-25.198,9.6972,0.73439,3,1.2096,5.815,11.939,21.589,-351.06,51.116,419.32,25.284,-1.8732,-1.7043,-0.79203,-0.2066,1.2781,10.932,0.88702,16.366,0,0.585,0.044444,0,0,1,1,3,18
1.009,0.437,15.22,-45.76,18.546,-30.641,15.481,0.89016,3,1.3542,16.746,37.077,65.825,-2839.4,149.69,11804,58.17,-1.7384,-1.6786,-1.2384,-0.15908,1.3766,16.157,0.95815,36.972,1282.8,0.61,0.044444,0,0,1,1,3,18
4.373,0.342,8.5675,-48.482,12.599,-34.975,14.095,0.91862,3,1.2807,30.209,47.402,61.929,-1257.5,-9.3222,806.53,37.712,-1.7255,-1.6158,-1.1568,-0.040363,1.2757,14.686,0.95976,42.942,108.45,0.66,0.044444,0,0,1,1,3,18
2.58,0.872,16.429,-36.487,11.994,-51.405,15.563,0.78542,1,-1.8598,5.4596,16.799,45.653,-1691.6,-7.7046,1759.5,12.807,-0.94525,-0.67238,-0.3264,0.5131,-1.8162,16.868,0.92259,19.345,-568.82,0.57,0.044444,0,0,1,1,3,18
4.297,3.57,13.305,-48.683,26.811,-27.113,25.45,0.79241,3,1.0114,0,8.3994,10.245,-243.72,0,229.75,30.635,-3.7932,-3.2862,-2.2044,-0.98434,0.87711,28.644,0.88848,8.0235,-91.953,0.65,0.044444,0,0,1,1,3,18
4.274,2.039,21.368,-35.278,19.856,-42.636,7.5117,0.47565,1,-1.7735,0,3.7331,9.1631,-495.43,0,648.18,3.8767,0.4382,-0.16933,0.02164,0.33947,-0.16145,14.028,0.53548,6.8798,-248.87,0.47,0.044444,0,0,1,1,3,18
0.886,0.417,16.429,-41.829,21.066,-30.641,12.111,0.92854,3,1.1779,13.739,20.159,57.516,-4836,-17.598,763.97,38.154,-1.5385,-1.3609,-0.57882,-0.058973,1.275,12.623,0.95944,30.27,464.94,0.6,0.044444,0,0,1,1,3,18
1.002,0.617,14.615,-43.744,17.941,-33.766,10.518,0.94961,3,1.249,10.893,15.664,29.196,-987.96,-36.144,620.26,20.859,-0.82872,-0.68529,-0.57373,-0.28686,1.2405,10.831,0.97114,17.554,-349.98,0.62,0.044444,0,0,1,1,3,18
15.644,0.53,11.39,-45.962,14.313,-37.495,8.957,0.95047,3,1.2384,12.455,15.974,28.167,-1279.1,-31.365,7131.3,18.104,-0.52855,-0.40209,-0.29036,-0.037316,1.1918,9.1941,0.97421,17.347,204.88,0.6,0.044444,0,0,1,1,3,18
1.176,0.626,19.554,-39.511,22.376,-30.944,9.0203,0.83699,3,1.2526,9.1631,13.12,22.657,-699.95,0.018055,582.86,15.599,-1.2231,-1.129,-0.82331,-0.29024,1.3114,10.074,0.8954,16.093,0.018055,0.67,0.044444,0,0,1,1,3,18
7.777,0.531,16.429,-41.527,20.562,-32.859,9.6029,0.93257,3,1.1259,10.264,18.069,46.096,-1731.1,-103.99,1098.8,22.332,-1.1341,-1.0309,-0.69718,-0.086328,1.1188,10.098,0.95094,19.018,-2582.8,0.61,0.044444,0,0,1,1,3,18
0.91,0.484,16.933,-40.721,20.763,-31.649,9.8469,0.93164,3,1.1713,11.874,20.779,29.099,-740.42,8.4626,942.15,17.004,-0.83777,-0.76142,-0.49936,-0.19974,1.2036,10.2,0.96535,21.075,81.13,0.63,0.044444,0,0,1,1,3,18
0.816,0.482,14.817,-41.325,18.546,-33.463,8.7016,0.94743,3,1.1279,10.786,20.833,35.479,-1328.2,-292.93,6654.5,17.066,-0.73204,-0.62089,-0.52189,-0.073321,1.0658,8.9523,0.972,18.573,-230.58,0.69,0.044444,0,0,1,1,3,18
1.18,0.598,13.607,-43.341,17.941,-34.068,10.236,0.93878,3,1.1336,11.566,15.937,24.923,-520.14,-29.653,446.05,13.335,-0.89228,-0.82161,-0.66301,-0.23007,1.0661,10.593,0.96632,17.713,87.829,0.68,0.044444,0,0,1,1,3,18
5.961,0.682,13.708,-42.737,17.437,-34.27,9.2516,0.89462,3,1.1559,7.2397,13.178,25.647,-676.27,16.662,519.71,22.826,-0.83567,-0.71597,-0.51721,-0.30802,1.1638,9.7752,0.94644,14.333,0,0.62,0.044444,0,0,1,1,3,18
1.38,0.637,13.607,-44.853,17.034,-36.084,9.4149,0.87642,3,1.1982,9.4795,16.368,28.591,-1466.5,73.495,1231.4,15.198,-1.1945,-1.1193,-0.89455,-0.41285,1.1626,10.151,0.92745,15.936,285.76,0.67,0.044444,0,0,1,1,3,18
1.14,0.525,14.514,-43.442,16.933,-37.495,6.42,0.8892,3,1.1845,7.5089,12.959,19.591,-802,0.013907,818.19,6.3636,-0.53329,-0.45733,-0.3877,-0.20888,1.174,6.8941,0.93123,13.132,0.013907,0.66,0.044444,0,0,1,1,3,18
2.672,0.536,13.103,-45.559,15.119,-39.713,6.1838,0.86766,3,1.2387,4.923,11.269,19.027,-345.11,-46.164,282.11,10.997,-0.44358,-0.26352,-0.072287,0.039429,1.0738,6.4062,0.96529,11.952,165.21,0.61,0.044444,0,0,1,1,3,18
14.35,0.479,13.406,-44.349,14.917,-39.914,4.6855,0.81615,3,1.2422,5.305,10.732,18.817,-454.39,-93.611,561.26,5.4523,-0.39895,-0.29466,-0.21791,-0.063096,1.1581,5.0654,0.92501,10.575,223.98,0.62,0.044444,0,0,1,1,3,18
1.206,0.704,15.018,-42.737,19.756,-34.774,9.2653,0.87369,3,1.0341,6.0684,10.079,21.116,-660.94,16.628,668.89,7.3074,-0.29605,-0.22182,-0.11952,-0.038816,0.90418,9.6252,0.96261,13.672,0,0.68,0.044444,0,0,1,1,3,18
11.675,0.613,15.22,-41.426,21.267,-32.96,10.405,0.95279,3,0.95055,10.586,17.005,33.628,-1186.1,-241.35,439.45,8.0344,-0.91393,-0.82254,-0.56242,0.023434,0.94217,10.813,0.96221,17.64,-182.26,0.68,0.044444,0,0,1,1,3,18
1.279,0.883,16.026,-36.185,22.074,-28.525,9.7598,0.8831,3,0.90251,7.1272,9.9507,19.23,-627.76,-5.862e-011,561.82,7.4321,-0.89521,-0.65454,-0.34143,-0.034559,0.85167,10.23,0.95405,11.585,0,0.69,0.044444,0,0,1,1,3,18
1.287,0.646,15.018,-37.092,21.066,-29.432,9.7598,0.9415,3,0.90251,10.488,15.387,38.46,-1813.6,-166.87,13898,10.757,-0.65371,-0.49257,-0.38723,0,0.90431,10.167,0.95995,15.738,-85.002,0.67,0.044444,0,0,1,1,3,18
1.001,0.66,14.917,-37.798,19.252,-30.44,8.5395,0.8178,3,1.0385,5.77,11.269,21.366,-388.27,-70.369,644.43,0,-0.47706,-0.28909,-0.10231,0,0.83551,9.2217,0.92603,13.972,-190.24,0.68,0.044444,0,0,1,1,3,18
1.035,0.629,15.018,-37.495,19.352,-30.238,8.4529,0.90832,3,1.0324,7.9509,12.959,19.643,-341.15,-51.291,576.9,5.8921,-0.5757,-0.4947,-0.23437,8.8818e-016,0.95995,8.8561,0.95447,14.08,-1.0335e-011,0.68,0.044444,0,0,1,1,3,18
7.147,0.644,15.119,-36.286,19.151,-30.238,7.2683,0.85823,3,0.98279,6.4511,11.879,18.922,-738.47,0,362.77,0,-0.27955,-0.19569,0,0.11182,0.86109,8.0215,0.90611,12.456,56.612,0.67,0.044444,0,0,1,1,3,18
0.91,0.533,14.313,-37.999,17.74,-31.044,7.7533,0.88938,3,1.113,7.0254,15.091,21.141,-583.7,0,590.95,9.7797,-0.39048,-0.30544,-0.23586,-0.045731,1.0266,8.0202,0.96671,15.047,0,0.69,0.044444,0,0,1,1,3,18
0.784,0.472,14.212,-38.503,17.538,-31.347,7.8916,0.9537,3,1.1357,10.5,18.171,51.101,-2355,-139.68,14655,10.043,-0.61536,-0.5237,-0.32957,-0.053426,1.0813,8.0479,0.98057,17.051,21.74,0.68,0.044444,0,0,1,1,3,18
2.747,0.443,13.91,-38.302,17.135,-33.06,6.1542,0.89897,3,1.0191,7.0624,11.862,27.764,-1604.3,32.719,16305,65.002,-0.51505,-0.39487,-0.10235,0.011886,0.91374,6.4263,0.95766,14.506,226.28,0.61,0.044444,0,0,1,1,3,18
7.492,1.522,17.337,-38.402,15.825,-38.604,1.5253,0.29853,4,-3.009,0,5.0397,10.732,-233.06,0,132.27,5.3662,3.8698,0.53352,3.0206,3.7566,0.0027034,9.6944,0.15734,6.3695,-68.454,0.79,0.044444,0,0,1,1,3,18
0.694,0.387,11.793,-41.729,15.119,-34.169,8.2589,0.91644,3,1.1563,9.6592,21.807,33.699,-730.53,175,751.66,11.135,-0.92627,-0.77386,-0.3432,-0.083401,1.1048,8.6139,0.9588,22.258,175,0.71,0.044444,0,0,1,1,3,18
0.618,0.356,11.188,-42.434,14.212,-36.185,6.9423,0.92707,3,1.1201,10.777,19.598,25.757,-819.93,-1.7243,495.12,23.332,-0.79901,-0.60292,-0.16829,-0.020487,1.1207,7.2059,0.96342,20.241,157.49,0.64,0.044444,0,0,1,1,3,18
11.235,0.432,10.785,-45.256,13.305,-37.798,7.8729,0.89208,3,1.245,15.046,18.89,23.9,-537.27,-64.65,216.3,14.419,-1.0065,-0.94808,-0.61295,-0.13201,1.1533,8.3174,0.94656,19.253,-536.77,0.605,0.044444,0,0,1,1,3,18
0.616,0.273,12.297,-43.744,19.554,-30.137,15.421,0.94333,3,1.0808,32.084,54.279,70.139,-3015.4,-172.59,1013.2,51.504,-1.1562,-1.0394,-0.31127,-0.030238,1.0215,15.693,0.9827,57.483,154.76,0.63,0.044444,0,0,1,1,3,18
2.624,0.226,11.591,-46.163,17.034,-32.254,14.937,0.94148,3,1.1978,36.499,56.156,256.48,-18640,-269.09,96450,39.683,-0.92231,-0.86926,-0.39178,-0.015916,1.1184,15.14,0.98657,66.991,86593,0.63,0.044444,0,0,1,1,3,18
2.237,0.458,10.684,-43.744,14.514,-34.975,9.569,0.95386,3,1.159,11.848,22.475,45.43,-3566.9,-13.022,2718.6,15.441,-0.66674,-0.55856,-0.31798,-0.096402,1.1044,9.7654,0.97989,21.322,534.71,0.69,0.044444,0,0,1,1,3,18
2.437,0.199,10.886,-43.744,13.607,-37.495,6.8161,0.92654,3,1.1601,23.116,33.866,42.365,-1130.2,-249.85,234.19,23.116,-0.40095,-0.36413,-0.25786,1.3323e-016,1.0476,6.9349,0.98286,34.849,76.485,0.63,0.044444,0,0,1,1,3,18
9.054,0.231,11.188,-44.551,14.917,-37.596,7.8916,0.95243,3,1.0786,14.584,30.155,81.443,-7187.5,-567.3,15161,14.019,-0.27678,-0.25374,-0.19375,-0.037849,1.0036,7.991,0.98756,34.593,147.41,0.65,0.044444,0,0,1,1,3,18
0.683,0.367,11.188,-41.729,14.615,-34.673,7.8438,0.94243,3,1.1186,11.936,20.159,35.299,-887.47,189.69,688.57,33.953,-0.72273,-0.66755,-0.36525,-0.11372,1.1692,8.0775,0.97107,22.009,260.32,0.66,0.044444,0,0,1,1,3,18
0.941,0.4,8.8698,-44.652,13.506,-36.286,9.5648,0.92931,3,1.0647,13.336,26.387,38.887,-681.39,-0.043977,1366.1,25.315,-0.9039,-0.7313,-0.52577,-0.053639,1.0155,9.8298,0.97304,24.574,126.63,0.67,0.044444,0,0,1,1,3,18
6.319,0.248,9.8778,-43.039,12.398,-36.89,6.6447,0.94468,3,1.1818,15.536,22.036,47.193,-878.75,9.0407,532.21,19.518,-0.34248,-0.23393,-0.08562,0,1.0734,6.7385,0.98609,27.171,123.76,0.67,0.044444,0,0,1,1,3,18
0.724,0.243,10.886,-40.922,13.809,-35.58,6.0895,0.94608,3,1.0701,16.588,26.515,32.036,-976.57,-160.59,897.35,16.588,-0.43043,-0.37771,-0.22523,-0.0058392,1.0315,6.205,0.98138,25.535,3.8872,0.72,0.044444,0,0,1,1,3,18
1.341,0.577,9.3738,-43.946,14.413,-34.169,10.999,0.924,3,1.0949,11.052,18.345,33.628,-847.53,-68.168,533.8,14.585,-0.84604,-0.69918,-0.61698,-0.23894,0.96717,11.341,0.96987,19.655,-83.872,0.7,0.044444,0,0,1,1,3,18
17.173,0.44,9.6762,-42.434,11.994,-36.89,6.0089,0.86272,3,1.1747,5.305,11.269,24.723,-719.37,14.986,600.32,8.287,-0.62557,-0.56234,-0.39479,-0.041254,0.96293,6.3153,0.95147,14.353,29.972,0.68,0.044444,0,0,1,1,3,18
0.632,0.419,10.785,-45.357,14.917,-36.89,9.4214,0.93844,3,1.1167,16.126,23.72,33.26,-519,-116.52,1316.6,8.6971,-0.88962,-0.82978,-0.47986,-0.046368,1.1289,9.7485,0.96645,23.266,165.21,0.72,0.044444,0,0,1,1,3,18
0.764,0.382,9.5754,-45.962,14.313,-36.89,10.234,0.9469,3,1.0895,16.659,23.724,41.624,-3500.1,32.31,1067.5,22.228,-0.84083,-0.72935,-0.43133,-0.047055,1.0826,10.516,0.97321,27.528,573.9,0.66,0.044444,0,0,1,1,3,18
0.61,0.307,9.4746,-45.156,13.708,-37.193,9.0181,0.94743,3,1.0822,20.28,30.733,52.012,-1324.1,-215.87,2490.4,28.143,-0.80323,-0.73057,-0.62411,-0.10308,1.0469,9.3007,0.96962,30.295,1115.2,0.68,0.044444,0,0,1,1,3,18
0.655,0.404,9.6762,-45.256,14.817,-36.89,9.819,0.89707,3,1.0198,15.181,21.514,33.043,-793.05,118.48,843.98,19.658,-1.2375,-1.1557,-0.51423,-0.10243,0.99455,10.324,0.95104,25.555,335.51,0.67,0.044444,0,0,1,1,3,18
5.8,0.414,9.6762,-45.256,12.7,-39.41,6.5818,0.86031,3,1.0935,0.50397,11.001,37.207,-629.22,-71.981,1064.1,2.7998,-0.18523,-0.066065,-0.04322,0.002161,0.87371,6.7489,0.97524,16.302,-0.050142,0.67,0.044444,0,0,1,1,3,18
0.758,0.458,10.281,-44.551,15.925,-35.479,10.684,0.95639,3,1.0142,11.862,22.507,64.123,-3228.2,-221.14,14881,9.1707,-0.94898,-0.81015,-0.54866,-0.11601,0.92342,10.968,0.97412,23.948,-275.66,0.73,0.044444,0,0,1,1,3,18
5.69,0.428,11.39,-42.434,16.127,-35.58,8.3318,0.92897,3,0.96602,8.5672,19.573,30.933,-1329.5,-245.83,1271.8,17.039,-0.44262,-0.34081,-0.045116,0.057919,0.87033,8.5581,0.97355,19.996,-81.322,0.73,0.044444,0,0,1,1,3,18
1.497,0.338,10.079,-44.752,14.716,-36.89,9.1273,0.94435,3,1.038,17.473,30.184,37.359,-958.8,61.404,1435.4,16.588,-0.85039,-0.72105,-0.47195,-0.10552,1.0116,9.3869,0.97234,27.772,377.78,0.67,0.044444,0,0,1,1,3,18
9.305,0.273,9.273,-44.752,13.607,-37.798,8.1947,0.92103,3,1.0135,24.822,33.038,47.505,-1097.2,-8.9888,1360.2,33.981,-0.98808,-0.89758,-0.54983,-0.074633,1.0247,8.5863,0.9544,31.452,-17.972,0.71,0.044444,0,0,1,1,3,18
6.541,0.346,10.886,-44.752,14.917,-37.596,8.2139,0.93,3,1.0577,16.307,24.023,62.349,-2068.3,-318.89,4573.2,25.561,-1.0031,-0.88744,-0.70748,-0.22956,0.94856,8.5634,0.95919,24.75,-318.89,0.72,0.044444,0,0,1,1,3,18
0.755,0.336,9.777,-46.365,13.204,-40.317,6.9511,0.92415,3,1.0552,11.861,18.171,31.927,-670.67,87.624,860.44,9.3249,-0.684,-0.60859,-0.35223,-0.093247,1.0145,7.2153,0.96338,21.474,289.81,0.68,0.044444,0,0,1,1,3,18
0.538,0.229,9.273,-46.365,12.7,-41.325,6.0945,0.94706,3,0.97362,14.619,21.549,167.39,-10838,-239.75,83960,15.376,-0.46009,-0.42408,-0.30006,0,0.90588,6.2791,0.9706,27.419,-239.75,0.67,0.066667,0,0,1,1,3,18
0.818,0.232,9.9786,-46.163,14.313,-39.41,8.0243,0.94753,3,1.0002,26.581,33.168,59.88,-4595.7,-70.133,3428,30.983,-0.66342,-0.5539,-0.26587,-0.033551,0.93261,8.1747,0.9816,35.236,258.02,0.67,0.044444,0,0,1,1,3,18
0.66,0.225,10.18,-47.675,12.902,-41.225,7.0014,0.92874,3,1.1716,19.918,38.381,42.009,-1143.1,-89.566,716.67,25.451,-0.52673,-0.50932,-0.35623,0,1.1009,7.1778,0.97541,31.901,271.03,0.6,0.044444,0,0,1,1,3,18
6.351,0.748,13.406,-39.813,11.994,-43.946,4.3668,0.41289,1,-1.8998,0,4.4819,10.31,-529.66,0,487.51,0,0.44203,0.030244,0.10004,0.1582,-0.45922,6.2665,0.69685,8.3777,335.43,0.64,0.044444,0,0,1,1,3,18
0.775,0.531,10.886,-45.256,15.724,-35.177,11.18,0.89422,3,1.1233,6.9676,22.714,30.402,-527.98,-9.8625,333.45,0,-0.89414,-0.80509,-0.34348,-0.021808,1.0379,11.517,0.97081,21.689,135.18,0.69,0.044444,0,0,1,1,3,18
621.68,0.699,11.087,-45.76,16.329,-34.068,12.813,0.93342,3,1.1494,10.964,14.857,49.191,-5673.1,-121.41,9482.6,6.7659,-1.1576,-1.0412,-0.81192,-0.37171,1.1017,13.311,0.96262,19.043,88.163,0.68,0.044444,0,0,1,1,3,18
1.035,0.677,11.39,-39.41,18.949,-26.811,14.693,0.91571,3,1.0304,11.328,19.953,90.537,-3806.5,54.886,26885,36.343,-2.42,-2.3163,-2.1089,-1.1426,0.7738,15.97,0.92006,23.589,1806.1,0.785,0.044444,0,0,1,3,3,18
1.694,0.62,13.002,-41.426,19.151,-30.037,12.943,0.8229,3,1.0758,10.995,18.563,36.52,-709.66,-41.791,691.64,25.168,-1.7127,-1.3217,-1.1923,-0.46443,1.1702,14.188,0.91227,22.884,138.6,0.68,0.044444,0,0,1,3,3,18
3.429,0.651,14.413,-38.705,17.337,-31.246,8.011,0.8595,3,1.1973,8.3994,11.879,20.174,-475.32,3.2298e-012,626.82,15.094,-1.1414,-0.9581,-0.45274,-0.079895,1.1318,8.7849,0.91191,13.494,464.9,0.69,0.044444,0,0,1,3,3,18
5.272,0.612,12.095,-40.015,17.337,-31.548,9.9577,0.91131,3,1.0165,8.7493,12.854,29.887,-393.29,-29.653,524.65,15.107,-0.86109,-0.72846,-0.27343,-0.061215,1.045,10.525,0.94613,17.197,329.73,0.7,0.044444,0,0,1,3,3,18
1.554,0.842,14.212,-33.564,17.236,-24.291,9.7536,0.78177,3,1.2556,5.929,11.862,20.889,-691.2,0.018055,596.97,6.5332,-0.95828,-0.73141,-0.44997,-0.31977,1.2163,11.084,0.87997,13.164,-392.37,0.7,0.044444,0,0,1,3,3,18
1.063,0.761,14.313,-32.556,16.228,-27.517,5.3913,0.75961,3,1.2076,3.5793,8.3994,11.862,-628.16,-32.958,600.18,0,-0.59736,-0.49748,-0.40044,-0.22424,1.0162,6.238,0.86427,8.1971,111.83,0.65,0.044444,0,0,1,3,3,18
0.885,0.618,11.894,-34.875,15.321,-28.222,7.4832,0.85615,3,1.0951,5.5996,11.879,22.072,-564.08,-6.7262,681.52,0,-0.50504,-0.37497,-0.13576,0.039643,0.89445,7.9998,0.93543,12.945,311.09,0.67,0.044444,0,0,1,3,3,18
0.915,0.512,11.39,-33.665,15.018,-28.222,6.5415,0.92758,3,0.98279,7.1272,13.11,20.319,-393.75,-11.409,504.83,13.894,-0.50319,-0.41933,-0.33546,-1.3795e-015,0.93614,6.8158,0.95975,13.312,495.79,0.69,0.044444,0,0,1,3,3,18
0.71,0.435,11.39,-32.96,14.111,-29.835,4.1436,0.79341,3,0.85425,5.0397,11.269,20.574,-1175.1,-59.275,2681,11.117,-0.48791,-0.38935,-0.2979,-0.058353,0.64144,4.7122,0.87933,10.833,-172.16,0.68,0.044444,0,0,1,3,3,18
0.749,0.501,10.886,-33.463,14.917,-28.525,6.3755,0.93678,3,0.88618,6.3536,15.697,88.732,-1730.1,-25.499,48676,13.463,-0.65652,-0.56489,-0.37766,-0.18086,0.90875,6.5992,0.96611,13.172,-25.499,0.71,0.044444,0,0,1,3,3,18
0.706,0.459,9.4746,-33.665,13.204,-29.936,5.2741,0.88328,2,0.7854,0,8.909,22.937,-1291.7,-106.8,843.4,4.8189,-0.57017,-0.49178,-0.21382,-2.4841e-015,0.56185,5.6075,0.94055,12.217,0,0.67,0.044444,0,0,1,3,3,18
0.692,0.477,10.18,-33.766,13.204,-30.238,4.6464,0.82107,3,0.86217,1.6491,12.959,21.114,-589.32,0,331.78,5.6345,-0.65596,-0.5357,-0.37171,-0.12026,0.68245,5.2647,0.88255,11.037,-2964.4,0.65,0.044444,0,0,1,3,3,18
0.907,0.67,10.382,-34.471,17.337,-27.013,10.198,0.90521,3,0.82035,9.1174,16.776,26.884,-566.08,-58.625,437.07,13.335,-0.74914,-0.68688,-0.40645,-0.04732,0.78642,10.697,0.95338,15.965,-35.506,0.68,0.044444,0,0,1,3,3,18
0.771,0.482,11.591,-33.262,15.623,-28.323,6.3755,0.81407,3,0.88618,7.3147,10.396,27.579,-1184.5,0,915.54,3.7512,-0.40793,-0.31041,-0.18484,4.4409e-016,0.69606,6.9343,0.91942,14.387,31.847,0.68,0.044444,0,0,1,3,3,18
0.707,0.498,10.785,-34.572,13.809,-30.54,5.0397,0.71053,3,0.9273,4.6197,11.832,40.667,-2371.2,-56.301,14868,5.4844,-0.44349,-0.32254,-0.16127,-0.074587,0.66614,5.8221,0.86561,11.691,0,0.625,0.044444,0,0,1,3,3,18
0.552,0.389,10.785,-34.371,14.212,-30.037,5.5253,0.8654,3,0.90175,7.1903,15.073,20.919,-437.07,5.4368,450.46,6.1507,-0.67296,-0.54885,-0.29235,-0.064171,0.77823,5.9231,0.93283,15.227,-67.141,0.67,0.044444,0,0,1,3,3,18
0.633,0.401,10.583,-34.27,13.809,-30.44,5.0073,0.8504,3,0.8709,5.0109,11.87,37.579,-2256.1,-30.474,19321,5.6154,-0.60867,-0.4983,-0.26376,-0.068983,0.78618,5.4885,0.91233,13.687,31.214,0.67,0.044444,0,0,1,3,3,18
0.745,0.411,10.079,-36.89,13.103,-31.548,6.1385,0.84611,3,1.0557,6.6747,18.782,32.1,-1206.7,-44.712,387.68,6.9022,-0.64049,-0.57926,-0.40052,-0.15474,0.97168,6.7,0.91619,16.302,-1278.9,0.66,0.044444,0,0,1,3,3,18
9.74,1.385,10.281,-36.689,12.801,-31.347,5.9065,0.74829,3,1.13,0,2.3999,9.1631,-406.51,0,251.98,3.8767,-0.4214,-0.37324,-0.29068,-0.13932,0.52335,6.908,0.85503,4.9877,-63.613,0.71,0.044444,0,0,1,3,3,18
1.442,0.697,10.079,-39.511,12.196,-31.145,8.6295,0.79052,3,1.323,7.1996,12.959,20.933,-747.69,34.804,836.3,22.489,-1.481,-1.3837,-0.89297,-0.41758,1.3385,9.7399,0.886,13.974,69.394,0.62,0.044444,0,0,1,3,3,18
1.126,0.331,12.801,-34.27,12.297,-30.944,3.3642,0.74694,3,1.7212,7.0074,12.41,16.799,-568.11,-63.642,495.24,8.8686,-0.34729,-0.29232,-0.18421,0.11687,1.6783,4.0655,0.82749,12.282,348.77,0.66,0.044444,0,0,1,3,3,18
1.01,0.57,14.212,-34.572,18.546,-26.811,8.8893,0.90469,3,1.0615,7.4321,14.254,25.295,-560.05,-45.002,564.93,10.367,-0.43544,-0.28949,-0.164,-0.049144,0.92372,9.1182,0.97489,15.997,111.1,0.65,0.044444,0,0,1,3,3,18
3.096,0.45,10.684,-37.697,14.413,-31.044,7.6264,0.91612,3,1.0598,10.079,18.382,26.682,-469.78,-68.05,775.03,23.131,-1.0111,-0.95154,-0.79794,-0.24258,1.0871,8.1406,0.93684,18.09,261.05,0.6,0.044444,0,0,1,3,3,18
0.978,0.576,15.018,-39.41,17.437,-30.238,9.4859,0.93775,3,1.3129,11.199,18.326,23.677,-473.18,5.1899,502.14,18.86,-0.62975,-0.56602,-0.38288,-0.18228,1.3551,9.7842,0.96951,16.986,500.69,0.62,0.044444,0,0,1,3,3,18
1.618,0.339,7.1563,-39.41,11.591,-33.262,7.581,0.90501,3,0.94591,9.4104,19.127,36.246,-4137.6,0,1458.2,16.808,-0.91395,-0.75059,-0.46368,-0.058965,0.74998,7.8835,0.96163,23.255,46.263,0.605,0.044444,0,0,1,3,3,18
0.92,0.462,5.9468,-45.66,10.483,-32.657,13.771,0.86732,3,1.2352,18.645,28.882,50.491,-761.17,127.57,1028.2,29.721,-1.7285,-1.5079,-1.1199,-0.43534,1.3273,14.748,0.93376,31.921,-196.68,0.59,0.088889,0,0,1,3,3,18
5.973,0.599,7.8619,-35.58,4.1325,-45.357,10.464,0.88028,1,-1.9352,7.2935,15.838,40.736,-1247,-167.76,711.08,24.958,0.7233,-0.030194,0.081068,0.63457,-1.9564,10.771,0.97147,17.982,-374.83,0.64,0.088889,0,0,1,3,3,18
1.163,0.776,8.3659,-46.97,14.313,-37.798,10.931,0.91938,3,0.99558,7.3147,14.488,21.514,-483.28,-25.169,553.12,20.833,-0.84666,-0.73467,-0.48374,-0.022305,0.98896,11.466,0.95334,14.776,68.152,0.6,0.044444,0,0,1,3,3,18
0.692,0.359,11.289,-46.063,15.22,-38.302,8.6998,0.95064,3,1.102,12.281,19.127,122.33,-6972.8,-287.77,60351,16.729,-0.60607,-0.53484,-0.32581,-0.11386,1.0832,8.8999,0.97753,24.791,-76.075,0.6,0.044444,0,0,1,3,3,18
1.068,0.518,10.483,-45.559,14.917,-38.201,8.5911,0.95718,3,1.0284,9.2406,17.708,25.051,-366.87,-121.49,521.14,23.332,-0.4742,-0.38137,-0.27671,-0.14486,1.0046,8.8016,0.97609,16.992,-25.491,0.65,0.044444,0,0,1,3,3,18
5.177,0.713,8.769,-47.877,11.591,-42.132,6.401,0.85384,3,1.1142,0,7.919,14.18,-281.07,-17.015,203.82,0,0.12062,0,0.026188,0.056344,0.85339,6.5747,0.97357,9.2212,-142.24,0.58,0.044444,0,0,1,3,3,18
2.076,0.838,8.4667,-46.264,13.809,-38.201,9.6725,0.90537,3,0.98568,7.2397,10.732,13.478,-311.02,-0.0090273,339.51,48.376,-0.85287,-0.76622,-0.62915,0.01628,0.96312,10.192,0.949,12.163,-289.95,0.64,0.044444,0,0,1,3,3,18
4.137,0.586,10.382,-44.047,14.313,-38.201,7.0447,0.92387,3,0.97883,7.794,12.228,18.171,-475.41,-42.238,523.14,12.837,-0.56819,-0.43538,-0.35043,-0.14104,0.98645,7.3494,0.95854,12.542,-311.1,0.665,0.044444,0,0,1,3,3,18
0.776,0.461,11.894,-45.156,14.817,-38.503,7.2662,0.92324,3,1.1568,11.862,15.178,22.587,-463.73,0.020186,431.66,13.85,-0.44322,-0.29431,-0.14611,0.10906,1.1027,7.5844,0.95805,16.452,202.38,0.61,0.044444,0,0,1,3,3,18
2.13,0.418,10.079,-45.156,14.313,-38.1,8.2281,0.85773,3,1.0304,11.297,16.799,29.756,-1091.8,-138.11,1362.6,15.005,-0.70872,-0.48228,-0.19015,-0.09853,1.0855,8.6835,0.94755,20.774,-408.82,0.63,0.044444,0,0,1,3,3,18
0.932,0.603,7.2571,-46.869,8.4667,-41.628,5.379,0.73296,3,1.344,4.9196,9.1631,17.832,-594.29,0,619.07,8.5836,-0.44573,-0.37245,-0.22664,-0.11106,1.2358,6.1218,0.87867,10.152,0,0.62,0.044444,0,0,1,3,3,18
8.284,0.5,7.7611,-45.66,8.769,-42.434,3.3792,0.73971,3,1.2679,3.8824,7.3509,19.18,-1519,-58.215,840.91,3.5998,0.22248,-0.099212,0,0.12627,1.1742,4.0308,0.83835,8.0616,57.891,0.54,0.044444,0,0,1,3,3,18
1.046,0.49,8.3659,-47.575,15.119,-38.402,11.39,0.96525,3,0.93614,14.324,21.912,28.429,-801.7,117.84,561.84,23.849,-0.86073,-0.74076,-0.36079,0,0.90159,11.624,0.97991,23.722,120.39,0.65,0.044444,0,0,1,3,3,18
0.748,0.381,9.9786,-45.962,14.615,-39.813,7.7007,0.92801,3,0.92468,9.0489,23.724,38.652,-2548.9,-79.376,729.04,16.519,-0.59632,-0.4917,-0.31465,-0.065832,0.84947,7.8974,0.97509,20.728,-158.74,0.63,0.044444,0,0,1,3,3,18
2.388,0.34,8.8698,-46.97,15.119,-40.116,9.2752,0.96798,3,0.83152,14.362,26.715,41.997,-2091.7,157.83,1081.7,32.101,-0.36146,-0.23549,-0.020811,0.012049,0.75818,9.414,0.98526,27.688,179.74,0.61,0.044444,0,0,1,3,3,18
0.965,0.347,11.087,-42.233,16.429,-37.294,7.2753,0.96808,2,0.7462,11.879,19.798,32.224,-989.09,-0.019667,1043.1,21.035,-0.34352,-0.2973,-0.1187,-0.00391,0.69335,7.3333,0.9921,21.133,237.58,0.7,0.044444,0,0,1,3,3,18
2.598,0.425,10.382,-44.652,14.01,-39.813,6.0476,0.86001,3,0.9273,6.4125,13.576,25.645,-407.77,-49.812,533.07,4.3823,-0.64508,-0.48381,-0.33262,-0.056444,0.84119,6.4272,0.94094,15.123,253.58,0.67,0.044444,0,0,1,3,3,18
0.932,0.469,11.087,-41.93,14.01,-37.193,5.5665,0.75465,3,1.018,5.8538,10.965,20.523,-261.25,21.631,425.29,16.862,-0.90159,-0.70175,-0.33399,0,0.89195,6.2981,0.88384,13.429,0,0.66,0.044444,0,0,1,3,3,18
0.75,0.403,10.281,-41.93,12.498,-37.596,4.8684,0.80158,3,1.0979,4.7997,11.404,25.919,-557.57,-80.974,569.96,0,-0.48205,-0.42633,-0.31406,-2.2204e-016,0.97956,5.2088,0.93465,12.925,42.663,0.66,0.044444,0,0,1,3,3,18
1.041,0.372,9.777,-41.325,12.801,-37.596,4.8012,0.88873,3,0.8895,6.7878,11.879,20.489,-423.77,23.299,686.63,10.709,-0.43166,-0.36649,-0.19044,-0.059036,0.80958,5.0497,0.95079,13.574,226.28,0.63,0.044444,0,0,1,3,3,18
0.995,0.552,8.3659,-41.527,11.49,-37.092,5.4251,0.79981,3,0.95703,5.152,9.1631,14.254,-227.94,-1.3101e-011,175.67,4.5613,0.24345,-0.041386,0.058052,0.19307,0.75877,6.1213,0.88626,11.089,69.429,0.62,0.044444,0,0,1,3,3,18
0.852,0.528,3.931,-46.667,7.9627,-40.721,7.1847,0.92572,3,0.97501,5.8945,10.559,31.358,-842.02,-92.422,352.68,0,-0.2121,-0.1407,0,0.058682,0.83756,7.3179,0.9818,13.86,-116.15,0.6,0.044444,0,0,1,3,3,18
1.272,0.562,7.9627,-44.752,11.692,-38.201,7.5387,0.9006,3,1.0533,7.0553,11.879,18.173,-549.61,-122.35,556.18,13.546,-0.35712,-0.27424,-0.10781,0.0067382,1.022,7.7932,0.96734,13.867,289.93,0.55,0.044444,0,0,1,3,3,18
1.014,0.47,9.0714,-42.938,13.204,-37.898,6.5174,0.90149,3,0.88398,8.1593,11.879,16.553,-311.64,1.8536e-012,549.55,23.254,-0.53779,-0.29228,-0.11535,4.4409e-016,0.85806,6.8463,0.95196,14.567,138.63,0.59,0.044444,0,0,1,3,3,18
0.921,0.667,10.583,-42.636,16.933,-35.58,9.4923,0.9336,3,0.83798,7.1272,11.641,27.02,-645.12,113.21,519.79,9.0305,-0.48698,-0.35587,-0.20977,-0.059935,0.84965,9.7685,0.97172,14.645,142.48,0.61,0.044444,0,0,1,3,3,18
0.761,0.408,7.7611,-45.256,15.321,-36.991,11.201,0.95644,3,0.82995,15.77,22.538,35.911,-1134.9,-377.53,973.56,19.364,-0.67936,-0.54838,-0.18413,-0.05678,0.76364,11.355,0.98641,27.831,-339.31,0.62,0.044444,0,0,1,3,3,18
0.549,0.227,7.4587,-46.466,12.398,-39.914,8.2046,0.91769,3,0.92484,12.665,31.874,41.87,-4535.6,254.93,1106.2,37.333,-0.29594,-0.25966,-0.20988,-0.023403,0.85233,8.2883,0.98991,36.512,843.73,0.49,0.044444,0,0,1,3,3,18
0.682,0.314,7.2571,-46.667,13.204,-39.108,9.6183,0.90857,3,0.90424,5.3361,28.976,36.092,-416.29,-40.439,287.45,28.294,-0.58622,-0.3191,-0.16425,0,0.73314,9.7782,0.98365,31.141,0,0.56,0.044444,0,0,1,3,3,18
2.557,0.184,9.3738,-43.744,14.615,-37.898,7.8516,0.96715,3,0.83989,26.782,39.781,85.423,-3594.9,-531.4,10878,42.255,-0.28725,-0.19487,-0.10351,0,0.80614,7.8891,0.99524,42.875,1166.7,0.61,0.044444,0,0,1,3,3,18
2.059,1.1,13.204,-42.434,11.49,-33.967,8.6383,0.69036,3,1.7705,4.9677,8.8369,16.126,-521.19,0.018055,648.59,7.5512,-0.62803,-0.48525,-0.085854,0.15759,1.5596,9.5257,0.90685,8.6597,129.58,0.52,0.044444,0,0,1,3,3,18
1.154,0.694,17.84,-37.394,17.236,-30.137,7.2823,0.8583,3,1.6539,5.9321,11.531,19.609,-489.5,53.838,693.89,10.878,-0.46875,-0.38086,-0.30134,-0.16322,1.5995,7.7717,0.93703,11.198,-310.01,0.48,0.044444,0,0,1,3,3,18
1.812,0.847,17.639,-35.177,18.143,-27.315,7.878,0.82959,3,1.5068,5.0397,9.1631,15.915,-470.38,-65.878,288.77,8.1936,-0.47328,-0.42105,-0.32046,-0.19885,1.4083,8.4303,0.93449,9.9531,-68.114,0.5,0.044444,0,0,1,3,3,18
2.04,0.937,20.763,-34.875,22.074,-27.214,7.7716,0.69576,3,1.4014,0,8.3996,16.096,-739.3,0,699.96,15.848,-0.9922,-0.75324,-0.55885,-0.214,1.0731,8.7123,0.89202,9.2981,0,0.46,0.044444,0,0,1,3,3,18
1.211,0.533,17.74,-47.776,20.159,-38.402,9.6809,0.86752,3,1.3182,9.8633,18.059,26.114,-569.72,-36.421,540.2,36.139,-2.0464,-1.9104,-1.5206,-0.45272,1.3967,10.834,0.89355,20.327,419.88,0.64,0.044444,0,0,1,3,3,18
2.846,2.342,18.244,-48.583,30.944,-28.323,23.911,0.84476,3,1.0109,4.0318,10.732,18.463,-432.03,0,336.07,17.823,-2.3275,-2.144,-2.0025,-0.79117,0.85657,25.692,0.93068,10.97,0,0.66,0.044444,0,0,1,3,3,18
2.279,1.354,18.042,-42.132,29.835,-24.19,21.47,0.87246,3,0.9893,7.794,15.254,34.448,-800.95,-39.5,557.44,35.746,-1.3036,-1.0993,-0.69133,-0.45308,1.0021,22.76,0.94333,16.809,-77.556,0.835,0.044444,0,0,1,3,3,18
2.996,2.086,15.825,-45.76,23.687,-29.23,18.305,0.82337,3,1.1269,4.7997,7.9191,15.142,-483.82,0,347.28,17.212,-1.574,-1.4152,-1.3087,-0.77914,0.98875,19.809,0.92405,9.4961,0,0.74,0.044444,0,0,1,3,3,18
2.052,1.134,17.437,-42.636,24.392,-29.936,14.48,0.89474,3,1.0698,7.1856,10.406,22.235,-776.93,-63.613,839.54,21.533,-1.6292,-1.5204,-1.2671,-0.54959,1.1511,15.482,0.93528,13.652,260.32,0.68,0.044444,0,0,1,3,3,18
6.264,4.629,17.639,-41.829,32.758,-9.1722,35.987,0.79771,3,1.1372,4.3823,7.9191,14.254,-508.27,0,435.79,5.305,1.7159,-0.61994,0.53102,1.2882,0.98254,39.709,0.90627,8.5783,0,0.83,0.044444,0,0,1,3,3,18
3.491,3.09,24.795,-46.567,27.819,-33.564,13.349,0.73162,3,1.3423,0,0,9.1631,-646.11,0,699.95,11.566,-1.0799,-0.90411,-0.73516,-0.30365,0.51028,15.659,0.85251,5.0676,0,0.65,0.044444,0,0,1,3,3,18
2.574,2.145,22.779,-41.325,30.137,-28.525,14.765,0.82251,3,1.0491,4.3276,7.9913,11.879,-690.99,-8.8818e-012,604.91,9.2394,-1.5041,-1.2119,-0.66606,-0.20092,0.84116,16.401,0.90021,7.6464,-349.41,0.8,0.088889,0,0,1,3,3,18
2.028,1.252,21.267,-44.148,25.803,-32.859,12.166,0.89462,3,1.1888,5.3049,10.61,24.437,-1080,-67.609,4672.1,2.5198,-1.1883,-1.0536,-0.87556,-0.39348,1.1833,13.074,0.93055,10.443,188.8,0.7,0.044444,0,0,1,3,3,18
1.732,1.152,21.267,-43.039,24.795,-34.875,8.8939,0.83312,3,1.1629,5.0397,8.1593,13.281,-637.17,-104.38,453.11,5.6345,-0.62141,-0.43967,-0.24217,-0.13559,1.0002,9.5963,0.9268,8.3301,167.98,0.65,0.044444,0,0,1,3,3,18
1.406,0.818,20.26,-44.551,24.291,-34.673,10.669,0.86589,3,1.1833,7.767,11.862,20.451,-1136.6,-0.0069534,569.61,19.478,-1.1294,-1.0408,-0.76465,-0.44279,1.1992,11.356,0.9395,13.882,13.295,0.66,0.044444,0,0,1,3,3,18
1.851,1.211,16.228,-48.28,23.283,-34.572,15.417,0.86369,3,1.0955,5.3049,11.531,21.564,-457.25,-21.94,634.04,24.611,-1.5235,-1.4671,-1.2428,-0.61587,0.99012,16.376,0.94142,13.523,298.68,0.71,0.044444,0,0,1,3,3,18
1.335,0.799,18.949,-44.752,24.594,-35.782,10.599,0.93062,3,1.0092,7.0933,12.958,25.399,-760.94,-64.165,528.02,23.253,-0.68345,-0.51608,-0.39876,-0.093842,0.97747,11.032,0.96075,13.807,14.156,0.59,0.044444,0,0,1,3,3,18
1.399,0.844,24.493,-42.636,28.222,-34.875,8.6106,0.87039,3,1.1229,4.6273,10.079,29.477,-1034.5,-54.694,502.46,21.564,-0.656,-0.49448,-0.29674,-0.053212,1.0506,8.9563,0.9614,10.612,0,0.54,0.044444,0,0,1,3,3,18
2.066,1.633,24.19,-42.031,28.222,-33.564,9.3776,0.78787,3,1.1264,0.70321,5.7017,10.195,-287.64,-0.0011284,226.25,4.5816,-0.87536,-0.76919,-0.49401,-0.27084,0.89416,10.624,0.88268,6.5058,0,0.59,0.044444,0,0,1,3,3,18
1.453,1.106,28.424,-37.394,31.044,-28.525,9.2489,0.85953,3,1.2835,4.467,8.3995,11.7,-524.71,-9.5173,607.03,15.983,-0.83262,-0.71201,-0.4921,-0.11424,1.2019,9.8212,0.94173,8.8799,0,0.61,0.044444,0,0,1,3,3,18
4.584,0.675,29.331,-36.185,31.448,-30.037,6.5026,0.89792,3,1.2392,5.4743,10.245,17.604,-430.82,-134.93,478.78,7.5179,-0.52339,-0.41168,-0.21873,0,1.2046,7.0618,0.9208,10.462,-163.65,0.58,0.044444,0,0,1,3,3,18
0.993,0.669,31.246,-45.559,32.859,-33.665,12.002,0.85144,3,1.436,9.5971,14.255,31.011,-1215.2,-2.9925e-011,693.58,12.566,-1.0919,-1.0149,-0.72117,-0.18452,1.4754,12.681,0.94647,18.956,-2.9925e-011,0.63,0.044444,0,0,1,3,3,18
0.848,0.502,29.432,-45.156,33.06,-33.867,11.858,0.94494,3,1.2598,14.971,23.513,40.402,-969.14,8.3491,1136.6,26.965,1.0624,0.14565,0.35984,0.91537,1.1797,12.181,0.97348,24.264,307.19,0.69,0.088889,0,0,1,3,3,18
1.873,0.796,32.153,-42.434,32.96,-33.867,8.6053,0.57265,3,1.477,0,9.1631,22.405,-830.85,0,832.52,1.6198,-0.66231,-0.4321,0.018889,0.11452,1.1586,9.9723,0.86293,12.528,-148.53,0.32,0.17778,0,0,1,3,3,18
0.809,0.374,27.113,-40.922,28.928,-37.898,3.5263,0.67805,3,1.0304,7.4765,11.879,16.157,-610.98,-102.46,438.5,15.441,-0.7433,-0.69144,-0.55315,-0.18496,0.98312,4.3502,0.81061,11.632,-179.94,0.75,0.044444,0,0,1,3,3,18
0.855,0.298,21.267,-51.102,24.694,-42.031,9.6972,0.92163,3,1.2096,23.272,31.601,48.813,-1155.9,157.5,747.13,29.063,-1.0644,-0.95233,-0.69146,-0.18921,1.1453,10.056,0.96432,33.745,722.29,0.71,0.044444,0,0,1,3,3,18
1.315,0.834,21.771,-50.901,25.702,-41.729,9.9791,0.87575,3,1.1659,5.3049,10.671,27.198,-557.69,0,283.26,11.001,-0.88674,-0.74777,-0.59557,-0.41028,1.1504,10.627,0.93901,12.743,-533.7,0.68,0.044444,0,0,1,3,3,18
1.042,0.606,20.36,-49.288,22.981,-43.039,6.7765,0.81345,3,1.1737,7.0074,11.87,18.914,-376.88,32.305,437.76,17.451,-1.0614,-0.97179,-0.81557,-0.36611,1.2593,7.6794,0.88242,12.672,445.7,0.685,0.044444,0,0,1,3,3,18
0.936,0.632,20.36,-49.288,22.779,-43.845,5.9562,0.7567,3,1.1526,5.0397,10.345,20.158,-362.2,-100.59,439.88,0,-0.64474,-0.53319,-0.42983,-0.23538,1.0212,6.9532,0.85661,11.002,-94.669,0.67,0.044444,0,0,1,3,3,18
6.199,0.504,20.864,-48.381,24.896,-41.829,7.6927,0.8935,3,1.0191,9.8394,17.754,23.568,-564.64,-41.962,451.87,16.808,-0.80559,-0.64645,-0.52165,-0.26941,1.0387,8.1153,0.94793,16.102,-592.91,0.695,0.044444,0,0,1,3,3,18
1.547,0.88,21.973,-35.278,19.856,-22.175,13.273,0.92937,3,1.731,9.163,15.915,24.935,-681.39,-41.448,793.05,18.649,1.0877,0.28274,0.50096,0.66247,1.6842,13.926,0.95311,15.825,158.54,0.66,0.044444,0,0,1,3,3,18
1.304,0.926,16.933,-29.23,16.53,-22.376,6.8658,0.74049,3,1.6296,4.5816,7.7534,15.44,-706.02,-6.1236,537.03,2.3999,1.2429,0.11897,0.68362,1.0879,1.5205,7.991,0.8592,8.6296,-559.97,0.58,0.044444,0,0,1,3,3,18
1.157,0.582,20.26,-27.92,15.825,-20.663,8.505,0.71538,3,2.1193,8.1202,12.854,21.787,-672.19,33.225,439.68,11.682,0.96039,0.0043003,0.20068,0.83186,2.0068,9.3965,0.90512,16.145,-131.24,0.58,0.044444,0,0,1,3,3,18
2.259,0.92,17.84,-24.997,15.825,-19.856,5.5216,0.7075,3,1.9445,4.5815,6.6112,12.923,-404.41,0,436.87,2.7412,0.86844,0.19503,0.63845,0.79374,1.6836,6.4148,0.86076,6.9726,457.12,0.595,0.044444,0,0,1,3,3,18
16.094,2.635,21.368,-39.31,19.655,-24.997,14.415,0.59711,3,1.6899,0,6.1195,10.245,-468.54,0,365.96,9.8763,-0.39186,-0.17796,0,0.24808,1.0008,17.82,0.80892,6.7628,5.862e-011,0.69,0.044444,0,0,1,3,3,18
7.545,1.677,26.206,-48.885,-0.10079,-7.8619,48.733,0.85502,3,2.141,15.937,28.509,50.291,-1074.4,-114.78,1037.8,41.314,9.2541,-0.17015,4.4147,7.986,2.1864,54.647,0.89179,32.586,87.479,0.71,0.044444,0,0,1,3,3,18
16.886,1.093,18.949,-30.44,17.941,-26.307,4.2537,0.40866,3,1.81,0,7.7534,11.5,-699.96,0,578.18,0,-0.37259,-0.24624,-0.12897,-0.050156,0.49286,7.8307,0.54321,7.1644,-236.24,0.74,0.088889,0,0,1,3,3,18
1.452,1.163,16.026,-23.485,0.60476,-8.5675,21.456,0.85644,4,2.3728,8.3994,15.801,30.009,-546.27,-26.897,630.18,2.5198,2.8225,0.44429,1.7565,2.6149,2.1946,22.914,0.93636,19.703,-236.24,0.64,0.044444,0,0,1,3,3,18
1.047,0.603,7.2571,-17.639,1.5119,-9.777,9.7374,0.80165,3,2.2019,6.9575,12.958,29.776,-613.38,-61.565,501.29,59.351,2.5729,0.74118,2.0267,2.4492,1.8791,11.589,0.84024,19.219,-27.22,0.61,0.044444,0,0,1,3,3,18
0.75,0.419,4.4349,-12.7,-0.40317,-6.9548,7.511,0.79621,3,2.2707,8.468,18.171,106.43,-7152.8,-115.44,54224,15.65,0.93735,-0.43703,0.071011,0.81034,2.1048,8.5102,0.88259,20.311,24.29,0.59,0.088889,0,0,1,3,3,18
0.787,0.388,3.1246,-12.599,-0.40317,-6.0476,7.441,0.83921,3,2.0647,9.1631,19.127,32.27,-642.34,76.806,493.61,29.243,-0.82602,-0.47377,0.071679,0.43281,1.8555,8.1637,0.91148,21.04,205.89,0.58,0.044444,0,0,1,3,3,18
1.024,0.399,3.7294,-10.684,-0.30238,-5.5437,6.533,0.45368,3,2.2359,0,20.485,34.992,-1536.3,-53.774,1005.9,22.627,-1.0341,-0.67242,0,0.077599,1.684,7.6285,0.85638,19.119,0,0.59,0.088889,0,0,1,3,3,18
0.72,0.246,1.6127,-9.5754,-0.50397,-5.4429,4.6431,0.85148,3,2.0442,11.486,17.123,51.893,-5585.3,-237.32,458.77,12.177,-0.69362,-0.57743,-0.26257,2.2204e-017,1.9565,4.9302,0.94176,20.041,-611.83,0.49,0.088889,0,0,1,3,3,18
1.184,0.154,3.3262,-12.297,-0.20159,-5.6444,7.5299,0.82406,3,2.0584,18.808,39.361,145.3,-17502,-839.01,71862,35.216,-0.85539,-0.71629,-0.020913,0.015111,1.9633,7.9516,0.94697,51.633,-246.93,0.5,0.044444,0,0,1,3,3,18
5.326,0.456,2.5198,-10.382,-0.60476,-4.8381,6.3636,0.68618,3,2.084,6.2154,15.119,24.19,-916.28,-30.026,794.49,12.505,-0.75993,-0.65472,-0.067851,0.1373,1.7643,7.0021,0.90881,15.356,0,0.56,0.088889,0,0,1,3,3,18
2.073,1.077,25.501,-44.853,23.888,-31.145,13.802,0.8403,3,1.6879,8.5561,13.752,22.33,-400.55,-13.048,372.22,4.0382,1.637,0.1319,0.98926,1.5027,1.6241,14.978,0.92154,13.907,165.23,0.54,0.044444,0,0,1,3,3,18
10.014,0.601,25.4,-41.628,21.872,-29.835,12.309,0.76914,3,1.8615,7.538,17.684,36.189,-748.98,56.295,587.67,10.274,1.0193,0.12545,0.52244,0.87586,1.5736,12.707,0.96872,21.143,311.1,0.53,0.044444,0,0,1,3,3,18
0.753,0.389,7.4587,-13.708,-0.50397,-5.5437,11.404,0.86154,3,2.3437,20.66,28.588,33.506,-649.88,-48.081,866.25,24.673,0.75275,-0.092913,0.19776,0.4749,2.1607,12.012,0.94941,30.879,375.61,0.585,0.066667,0,0,1,3,3,18
219.13,0.649,6.6524,-13.809,-0.30238,-5.5437,10.802,0.83544,3,2.2703,8.0553,16.124,50.696,-1572.8,-83.856,1027.4,31.16,1.3299,0,0.9029,1.2122,2.1815,12.33,0.87606,18.998,20.621,0.595,0.044444,0,0,1,3,3,18
0.367,0.167,24.291,-30.54,8.0635,-40.821,19.21,0.73325,4,-2.5769,25.104,101.74,154.54,-6021,-1987.5,26874,96.121,0.98577,0,0.33793,0.70215,-2.6024,19.439,0.98826,116.4,457.64,0.68,0.044444,0,0,1,5,3,18
2.011,0.159,23.082,-30.339,7.5595,-38.604,17.586,0.33333,4,-2.6523,0.12922,1.2922,7834.2,-8.7031e+006,-2.1756e+006,4.3519e+006,1.2922,0.094745,0,0,0.066321,-2.6469,17.609,0.99864,110.75,-2.1756e+006,0.57,0.044444,0,0,1,5,3,18
0.451,0.236,6.5516,-42.031,23.082,-36.487,17.435,0.82143,2,0.32358,11.871,49.799,124.81,-827.33,664.08,2208.4,95.976,-2.3489,-1.9864,-0.76916,-0.063806,0.77958,18.563,0.93921,78.659,926.8,0.85,0.044444,0,0,1,5,3,18
0.992,0.145,8.0635,-39.813,20.763,-35.076,13.555,0.91,2,0.35703,0,67.867,147.89,-5756.6,-640.94,2822.1,100.4,-0.57562,-0.44243,-0.094437,0,0.36658,13.696,0.98966,94.458,251.98,0.75,0.044444,0,0,1,5,3,18
0.385,0.208,24.795,-28.726,7.9627,-38.604,19.517,0.79008,4,-2.6109,28.742,73.005,135.19,-4774,-1288.8,16155,56.895,1.418,0,0.2077,0.76057,-2.545,19.853,0.98305,95.448,-348.62,0.675,0.044444,0,0,1,5,3,18
1.142,0.153,19.453,-31.548,7.0556,-39.41,14.68,0.78174,4,-2.5764,48.351,126.81,279.62,-4686.7,-577.59,456.88,122.01,1.1003,0,0.18789,0.84498,-2.5786,14.889,0.98601,97.311,-1043.4,0.62,0.044444,0,0,1,5,3,18
0.401,0.205,6.0476,-41.325,19.957,-35.58,15.049,0.91287,2,0.3917,8.0973,25.917,196.48,-3577.6,-166.16,1120.8,176.29,-1.1301,-0.83742,-0.20252,0,0.66244,15.341,0.98098,74.835,605.32,0.81,0.088889,0,0,1,5,3,18
1.738,0.138,10.281,-36.487,20.562,-32.456,11.043,0.8365,2,0.37373,1.7708,87.174,149.09,-6516.8,983.74,22486,128.48,-1.0396,-0.93744,-0.31831,3.1086e-016,0.49782,11.625,0.94993,84.242,1133.8,0.81,0.044444,0,0,1,5,3,18
1.723,1.529,26.811,-28.525,5.0397,-40.922,25.054,0.50567,4,-2.6239,3.0238,9.1629,31,-450.19,0,315.14,51.271,4.3904,0.52468,3.1051,4.0096,-2.8338,27.592,0.90801,18.046,196.03,0.76,0.044444,0,0,1,5,3,18
1.166,0.234,15.522,-34.774,1.7135,-46.567,18.159,0.71145,4,-2.4348,46.336,88.515,472.96,-15049,-441.85,2.1625e+005,80.231,1.7808,0,0.62716,1.4957,-2.3278,18.737,0.96915,80.073,1716.6,0.66,0.044444,0,0,1,5,3,18
0.392,0.208,5.4429,-40.116,24.896,-36.991,19.703,0.96572,2,0.15926,1.9159,62.385,152.04,-5244.2,-2316,1752.9,56.216,-1.3829,-0.99126,-0.23462,4.4409e-016,0.21191,20.112,0.97964,96.692,-1068,0.68,0.044444,0,0,1,5,3,18
4.957,0.142,11.087,-33.967,22.679,-30.641,12.059,0.84326,2,0.27945,25.702,93.081,99.714,-27453,-765.82,116.68,76.845,-0.86774,-0.81551,-0.35384,0,0.47345,12.472,0.9669,87.83,-52.749,0.82,0.044444,0,0,1,5,3,18
0.406,0.114,4.5357,-37.697,17.74,-32.758,14.097,0.97637,2,0.35793,43.726,152.15,193.65,-338.31,1801.5,3935.3,193.65,-1.0543,-0.93224,-0.43455,0,0.38818,14.306,0.98545,125.49,3636.6,0.72,0.044444,0,0,1,5,3,18
0.403,0.215,8.2651,-34.774,22.779,-32.254,14.731,0.89549,2,0.1719,26.192,81.263,108.59,-1188.6,477.93,1882.7,67.718,-1.1938,-1.0586,-0.60275,-0.14896,0.28565,15.151,0.97231,70.469,2206.9,0.79,0.044444,0,0,1,5,3,18
0.401,0.284,7.8619,-36.588,20.461,-30.037,14.201,0.81516,2,0.47952,14.454,61.31,84.158,-789.54,370.79,1492.6,109.72,-1.7671,-1.5131,-0.50078,0.069752,0.42895,15.272,0.92985,53.775,800.24,1.13,0.044444,0,0,1,5,3,18
0.354,0.184,27.315,-30.037,6.35,-38.402,22.573,0.72576,4,-2.7619,44.153,92.427,276.79,-29129,-1370,55430,78.299,2.4952,0,0.79371,2.2139,-2.7132,23.495,0.96073,127.69,4035,0.71,0.044444,0,0,1,5,3,18
4.166,0.158,20.461,-30.54,6.2492,-39.108,16.595,0.55716,4,-2.5991,2.433,35.105,2701.2,-1.6328e+006,-24256,1.1659e+006,209.47,1.2771,-8.8818e-016,0.11295,0.96337,-2.0004,17.35,0.95648,109.81,-24256,0.74,0.088889,0,0,1,5,3,18
0.344,0.172,4.3341,-32.556,21.066,-30.238,16.892,0.96171,2,0.13768,15.899,90.305,129.55,-3572.6,351.64,6171.6,96.864,-1.6263,-1.249,-0.15818,0,0.38403,17.36,0.97303,100.93,351.64,0.93,0.044444,0,0,1,5,3,18
2.489,0.143,6.9548,-32.556,20.763,-28.827,14.303,0.96955,2,0.26378,32.314,117.33,141.33,-4491.3,56.733,16157,116.68,-0.73158,-0.48973,-0.11151,2.2204e-016,0.2891,14.447,0.99007,101.03,1467.4,0.79,0.044444,0,0,1,5,3,18
0.333,0.159,20.562,-28.021,4.4349,-35.983,17.986,0.74208,4,-2.683,36.405,118.16,272.31,-23248,-2190.1,95236,77.074,1.337,8.8818e-016,0.30672,0.97636,-2.5699,18.3,0.9828,115.1,148.2,0.69,0.044444,0,0,1,5,3,18
1.547,0.166,20.864,-29.734,1.8143,-39.31,21.321,0.55108,4,-2.6758,15.728,100.79,179.8,-23873,-1257,3423,76.611,1.7826,-8.8818e-016,0.74357,1.5812,-2.4993,21.911,0.97306,132,1562.7,0.7,0.044444,0,0,1,5,3,18
0.375,0.224,2.0159,-41.124,19.352,-34.471,18.569,0.8059,2,0.36639,26.957,91.45,153.29,-1808,-280.33,3374.8,73.673,-2.8986,-2.8064,-0.97714,-0.018821,0.74867,20.41,0.90979,91.117,2564.1,0.79,0.044444,0,0,1,5,3,18
1.329,0.189,8.3659,-31.952,21.267,-31.548,12.908,0.88059,2,0.03124,31.799,72.571,175.52,-8758.8,-762.41,55511,58.017,-0.24242,-0.17693,-0.047224,0.00031483,0.0072338,13.071,0.98754,69.158,14311,0.77,0.044444,0,0,1,5,3,18
0.435,0.216,20.26,-29.633,2.1167,-38.503,20.195,0.73317,4,-2.6869,28.138,77.038,151.36,-6204.8,-597.32,2194.4,55.113,2.0485,0,0.25757,1.2084,-2.5531,20.949,0.96401,96.986,1581.2,0.69,0.044444,0,0,1,5,3,18
6.949,0.229,13.506,-32.153,1.3103,-40.519,14.79,0.80351,4,-2.5404,29.699,73.89,112.05,-8626.5,-113.12,34449,36.441,1.5813,0.0092735,0.61411,1.4369,-2.4712,15.508,0.95365,67.722,1019.6,0.71,0.044444,0,0,1,5,3,18
0.387,0.187,7.1563,-32.153,21.57,-29.936,14.583,0.84088,2,0.15265,13.945,79.826,207.8,-12608,-813,34433,80.069,-2.0154,-1.6522,-0.73567,0,0.35726,15.673,0.93048,83.811,366.13,0.9,0.044444,0,0,1,5,3,18
1.209,0.15,7.1563,-31.246,22.275,-27.718,15.525,0.93393,2,0.22923,29.919,86.598,383.97,-27577,-1420.4,1.9928e+005,56.506,-1.3088,-1.0614,-0.39917,0,0.29688,15.903,0.97625,106.02,-2281.6,0.765,0.044444,0,0,1,5,3,18
0.363,0.158,17.236,-27.416,2.7214,-36.185,16.958,0.70267,4,-2.5981,38.848,122.82,175.34,-14346,-1229.9,12796,98.721,1.6769,0,0.3325,1.0832,-2.5195,17.449,0.97186,110.43,-671.87,0.72,0.044444,0,0,1,5,3,18
1.951,0.185,18.143,-29.936,3.1246,-36.084,16.228,0.77107,4,-2.753,56.304,103.01,116.59,-3238.7,-372.16,314.74,97.414,1.2283,0,0.45638,1.0777,-2.7347,16.522,0.98223,89.306,-330.12,0.68,0.044444,0,0,1,5,3,18
0.448,0.254,4.8381,-33.463,21.267,-29.835,16.825,0.85716,2,0.21737,8.3849,25.945,116.8,-2250.7,40.752,1828.7,62.26,-1.4818,-0.59687,0,0.25632,0.11197,17.771,0.9468,69.963,70.744,0.93,0.088889,0,0,1,5,3,18
1.199,0.172,9.6762,-29.533,23.384,-27.819,13.815,0.94381,2,0.12435,24.074,61.171,127.34,-13308,-1048.2,-310.48,48.24,-1.0752,-0.86888,-0.17503,0,0.15586,14.108,0.97919,82.025,-1224.6,0.76,0.044444,0,0,1,5,3,18
0.345,0.16,15.925,-29.432,2.8222,-36.588,14.93,0.68816,4,-2.6417,23.376,79.685,128.06,-13115,-1946.3,6553,57.936,0.69135,0,0.16127,0.63882,-2.5794,15.245,0.97933,95.282,-998.66,0.68,0.044444,0,0,1,5,3,18
3.371,0.183,18.344,-30.54,2.8222,-36.084,16.482,0.74894,4,-2.7986,17.562,109.04,165.94,-9014.2,-302.27,66741,60.391,1.234,0,0.40003,1.0645,-2.8537,16.836,0.97902,91.998,400.32,0.68,0.044444,0,0,1,5,3,18
0.376,0.178,7.5595,-30.944,21.066,-29.23,13.615,0.96329,2,0.12619,1.3258,45.141,109.07,-4577.4,-2158.5,6370.4,71.258,-0.99395,-0.67316,-0.074621,1.5543e-016,0.18997,13.885,0.98053,78.005,-166.72,0.86,0.044444,0,0,1,5,3,18
2.235,0.162,8.3659,-30.54,20.562,-28.121,12.434,0.88335,2,0.19581,32.555,80.107,115.81,-15512,-339.49,38558,67.416,-0.91677,-0.75295,-0.45185,0,0.37782,12.741,0.97587,78.648,2665.1,0.81,0.044444,0,0,1,5,3,18
0.926,0.792,23.283,-28.222,1.9151,-37.092,23.136,0.89755,4,-2.7481,9.6916,29.377,69.908,-1351.1,-68.433,6197.6,54.982,3.0492,0.73929,2.6189,2.9735,-2.7997,24.183,0.95673,30.533,1680.5,0.72,0.044444,0,0,1,5,3,18
5.558,0.239,18.647,-31.952,1.7135,-37.999,17.981,0.82416,4,-2.7986,37.291,72.683,103,-18833,-989.79,24346,40.369,1.2814,8.8818e-016,0.51529,1.1004,-2.7494,18.285,0.98339,76.505,-1797,0.61,0.044444,0,0,1,5,3,18
0.923,0.735,3.6286,-33.262,20.461,-31.044,16.978,0.77868,2,0.13098,0,8.3994,14.254,-608.17,0,507.94,91.623,-1.1405,-0.60592,-0.30637,-0.12626,0.23645,18.252,0.9302,24.833,70.725,0.62,0.044444,0,0,1,5,3,18
1.349,0.195,4.7373,-32.254,20.36,-28.827,15.994,0.99301,2,0.21593,3.7135,79.191,128.29,-10858,-715.62,2159.8,60.522,-0.40461,-0.38041,-0.063836,4.4409e-016,0.15776,16.034,0.99753,82.226,279.21,0.8,0.044444,0,0,1,5,3,18
0.35,0.187,16.631,-29.835,2.3183,-36.185,15.658,0.74979,4,-2.724,27.471,68.77,112.1,-11961,-371.91,3326.2,59.249,0.69814,0,0.21411,0.48208,-2.678,15.783,0.99208,84.402,-371.91,0.695,0.044444,0,0,1,5,3,18
1.158,0.211,16.933,-31.044,1.7135,-37.294,16.453,0.79514,4,-2.752,25.981,97.99,130.7,-10641,-897.06,627.86,38.893,1.0127,0,0.42699,0.86145,-2.7029,16.749,0.98234,79.378,-531.05,0.64,0.044444,0,0,1,5,3,18
1.753,1.599,1.7135,-35.379,16.732,-31.246,15.576,0.7862,2,0.26852,0,0,8.3996,-102.12,0,164.08,68.352,0.64636,0.32807,0.52243,0.61961,0.016356,18.587,0.83803,11.624,-178.97,0.77,0.044444,0,0,1,5,3,18
2.566,1.171,4.7373,-33.363,26.005,-30.339,21.481,0.8562,2,0.14123,0,4.6271,37.203,-510.84,0,129.44,3.5195,-0.63232,-0.2516,-0.22323,0.00047294,0.076664,22.383,0.9597,19.115,70.444,0.575,0.044444,0,0,1,5,3,18
0.346,0.172,25.198,-27.113,7.3579,-31.851,18.459,0.73713,4,-2.882,31.075,96.128,157.94,-8302.5,-1892.3,4027.4,70.434,0.75072,8.8818e-016,0.26473,0.61296,-2.8809,18.612,0.99176,108.21,-363.26,0.63,0.044444,0,0,1,5,3,18
3.897,0.13,13.506,-30.44,0.70556,-39.511,15.689,0.75191,4,-2.5251,31.256,117.71,402.07,-42682,-751.89,2.3201e+005,92.939,0.77057,0,0.42867,0.71799,-2.5072,15.89,0.98739,122.23,-571.1,0.685,0.044444,0,0,1,5,3,18
0.7,0.506,22.679,-28.928,23.183,-33.766,4.8643,0.45605,1,-1.467,32.603,75.128,137.01,-2818,-486.79,1826.2,94.06,21.658,3.5942,15.633,21.38,-2.5233,49.16,0.098948,97.154,3279.1,0.76,0.044444,0,0,1,5,3,18
0.975,0.139,9.8778,-31.649,24.291,-28.424,14.77,0.98168,2,0.22015,1.8171,133.81,169.08,-7814.4,97.768,39993,133.81,-0.758,-0.70455,-0.13069,-1.3323e-016,0.20842,14.892,0.99183,107.13,908.54,0.84,0.044444,0,0,1,5,3,18
0.347,0.173,20.965,-28.121,3.1246,-37.193,20.014,0.72125,4,-2.6712,40.639,132.65,159.38,-31283,-1100.8,18705,100.89,1.2076,0,0.12183,0.74298,-2.5607,20.247,0.9885,117.04,-152.42,0.66,0.044444,0,0,1,5,3,18
1.015,0.158,16.53,-31.75,1.1087,-41.325,18.152,0.46682,4,-2.5859,0,83.917,820.76,-49003,-2350.1,5.2112e+005,64.5,1.1093,0,0.408,1.0472,-2.1352,18.453,0.98371,116.79,-761.23,0.67,0.044444,0,0,1,5,3,18
1.218,0.639,1.2095,-42.333,19.856,-36.79,19.453,0.6504,2,0.28898,0,8.3994,15.33,-610.36,0,800.67,163.71,-2.8567,-1.1701,-0.3969,0,0.61992,22.348,0.87046,34.974,0,0.67,0.044444,0,0,1,5,3,18
1.747,0.11,12.196,-30.037,24.493,-27.517,12.552,0.99428,2,0.20212,22.931,124.63,165.9,-5153.7,1327.7,5564.1,135.66,-0.23876,-0.20307,-0.027923,0,0.19671,12.565,0.999,114.23,1327.7,0.89,0.044444,0,0,1,5,3,18
0.404,0.23,29.936,-25.198,10.281,-31.347,20.594,0.68085,4,-2.8384,7.576,64.792,156.27,-1984.8,644.77,3705.7,117.92,1.7172,0.0090277,0.31597,1.2261,-2.9376,20.971,0.982,91.18,1725.1,0.59,0.044444,0,0,1,5,3,18
1.166,0.157,17.941,-29.936,2.1167,-39.209,18.341,0.74938,4,-2.6115,37.187,133.68,165.07,-24194,-2088,1239.7,93.051,1.4313,0,0.59074,1.3122,-2.6439,18.779,0.9767,119.61,-350.57,0.7,0.044444,0,0,1,5,3,18
0.427,0.22,1.6127,-41.124,20.965,-37.092,19.768,0.83136,2,0.2054,28.743,63.968,156.8,-2357.3,512.48,3707.7,86.793,-4.0909,-3.6793,-1.1615,-0.053038,0.62952,22.294,0.8867,101.34,1618.6,0.75,0.044444,0,0,1,5,3,18
1.748,0.143,9.6762,-31.548,22.679,-31.145,13.009,0.99383,2,0.030998,15.026,116.29,199.28,-7255.1,-213.15,1.2485e+005,111.29,-0.55839,-0.41555,-0.085126,0,0.055559,13.075,0.99491,91.435,342.6,0.78,0.044444,0,0,1,5,3,18
0.705,0.267,29.533,-23.888,4.5357,-35.076,27.386,0.68985,4,-2.7208,19.53,90.419,162.58,-1730.3,270.44,5887.5,77.367,1.7929,0,0.52918,1.3612,-2.592,27.796,0.98526,104.11,4568.5,0.66,0.044444,0,0,1,5,3,18
3.311,0.16,19.554,-29.533,2.2175,-39.209,19.854,0.5772,4,-2.6325,1.3871,73.763,1433.7,-71951,-12759,4.8264e+005,418.01,2.0734,0,0.073685,1.4143,-2.425,20.446,0.97104,127.79,-12759,0.73,0.044444,0,0,1,5,3,18
0.375,0.172,2.419,-40.317,20.461,-32.859,19.523,0.90179,2,0.39201,0,134.42,193.97,-3633.7,-418.65,6967.6,184.99,-2.1346,-1.7398,-0.42723,0,0.50369,20.177,0.96758,117.31,-221.52,0.71,0.044444,0,0,1,5,3,18
1.391,0.194,6.35,-36.588,22.779,-29.633,17.841,0.87118,2,0.40044,42.99,123.48,163.92,-1902.2,-776.93,54790,91.879,-2.1804,-1.8486,-0.43221,-8.8818e-016,0.50719,18.668,0.95568,96.227,714.76,0.765,0.044444,0,0,1,5,3,18
0.566,0.387,20.159,-28.121,4.3341,-37.495,18.393,0.8398,4,-2.6068,29.89,48.105,136.87,-6420,-453.55,20136,61.078,2.6734,0.094343,1.4795,2.4208,-2.6017,19.309,0.95253,49.894,-379.41,0.8,0.044444,0,0,1,5,3,18
4.183,0.152,19.957,-30.339,5.1405,-35.58,15.716,0.50043,4,-2.8016,10.743,138.5,288.71,-7179.4,1121.8,96937,138.5,1.1015,-6.2172e-016,0.20168,0.91274,-2.7564,15.92,0.98721,104.74,1479.5,0.685,0.044444,0,0,1,5,3,18
0.42,0.207,4.2333,-35.076,28.021,-27.718,24.899,0.96932,2,0.29999,39.898,102.96,142.8,-15240,-1377.5,18123,108.77,-1.2685,-0.88699,-0.42597,-8.8818e-016,0.39419,25.173,0.98911,121.61,355.52,0.8,0.044444,0,0,1,5,3,18
2.137,0.143,4.9389,-36.79,21.368,-29.835,17.841,0.93603,2,0.40044,1.1269,137.7,160.47,-14286,-914.64,1763.3,138.45,-1.6303,-1.4125,-0.14635,-8.8818e-016,0.3864,18.274,0.97631,127.79,-444.85,0.84,0.044444,0,0,1,5,3,18
0.388,0.218,25.198,-23.485,4.1325,-33.363,23.267,0.58696,4,-2.7031,6.2996,81.873,136.79,-4073.8,758.45,3062.6,98.127,1.5789,0,0.33665,1.1362,-2.7184,23.643,0.98409,108.45,1688.3,0.68,0.044444,0,0,1,5,3,18
5.132,0.186,20.562,-27.013,2.1167,-36.286,20.645,0.57639,4,-2.6758,9.7405,138.58,175.19,-22461,-1404.3,1247.7,56.877,0.9655,0,0.33832,0.89759,-2.4987,20.82,0.99157,111.94,171.28,0.68,0.044444,0,0,1,5,3,18
0.468,0.26,1.9151,-39.914,22.88,-27.013,24.617,0.9113,2,0.55165,17.996,84.983,204.11,-1417.3,812.83,2850.6,143.46,-3.8893,-3.2904,-1.2249,-0.050184,0.81443,26.271,0.93702,101.04,721.95,0.94,0.088889,0,0,1,5,3,18
2.795,0.169,4.5357,-34.27,22.275,-26.408,19.404,0.965,2,0.41717,16.148,152.92,195.43,-7346.6,-900.02,34070,155.56,-1.4095,-1.2152,-0.51311,0,0.45803,19.697,0.98509,116.55,1590.5,0.85,0.044444,0,0,1,5,3,18
0.354,0.198,23.384,-24.997,5.5437,-32.556,19.376,0.78224,4,-2.7408,26.042,81.895,112.81,-2353.3,-599.94,2144.6,79.9,0.24696,-0.10146,-0.027527,0.10854,-2.6175,19.424,0.99753,98.1,885.05,0.66,0.044444,0,0,1,5,3,18
1.164,0.186,18.748,-30.037,2.923,-35.379,16.702,0.5917,4,-2.816,30.544,95.356,154.47,-21777,-217.09,47836,75.919,0.94222,6.2172e-016,0.63017,0.85846,-2.7669,16.935,0.98624,91.049,250.27,0.74,0.044444,0,0,1,5,3,18
0.673,0.445,0.30238,-40.217,17.639,-34.169,18.361,0.94182,2,0.33564,11.512,20.489,55.673,-758.58,7.9452,733.69,146.97,-0.903,-0.78083,-0.57212,-0.2366,0.54826,18.69,0.98238,42.001,415.76,0.63,0.044444,0,0,1,5,3,18
1.495,0.251,8.5675,-30.44,26.61,-30.44,18.042,0.98735,2,0,21.523,101.27,192.97,-14848,-504.81,72773,24.102,-1.0079,-0.62492,-0.30238,0,0.03232,18.206,0.99099,72.534,56008,0.625,0.044444,0,0,1,5,3,18
0.344,0.164,20.562,-26.408,4.5357,-33.463,17.511,0.73454,4,-2.7269,37.587,80.825,156.35,-36542,-2894.5,74691,61.369,1.5967,8.8818e-016,0.53551,1.2274,-2.6656,17.909,0.97774,109.2,798.72,0.72,0.044444,0,0,1,5,3,18
0.943,0.184,20.864,-28.021,2.2175,-35.883,20.236,0.84199,4,-2.7426,49.009,85.796,754.18,-32856,-2776.6,3.6975e+005,81.085,1.4775,0.058738,0.72494,1.231,-2.79,20.58,0.98329,111.85,-2776.6,0.68,0.044444,0,0,1,5,3,18
0.367,0.184,0.70556,-40.015,16.329,-32.052,17.535,0.87103,2,0.47136,34.951,96.197,153.42,-1750.4,-408.7,5577.2,131,-1.814,-1.7555,-1.0759,0,0.75707,18.374,0.95433,99.861,4518,0.68,0.044444,0,0,1,5,3,18
0.953,0.147,8.2651,-30.54,22.376,-28.928,14.203,0.99488,2,0.11379,10.625,101.12,114.7,-18127,-244.29,1762.1,78.852,-0.36337,-0.29613,-0.09585,0,0.10931,14.238,0.99753,96.858,-87.298,0.78,0.044444,0,0,1,5,3,18
0.35,0.208,23.687,-27.214,8.1643,-31.145,16.012,0.74825,4,-2.8936,15.783,64.827,119.84,-17760,873.16,2.2657e+005,41.974,0.38259,0,0.17702,0.26832,-2.9067,16.052,0.99754,77.172,1338.9,0.66,0.044444,0,0,1,5,3,18
5.359,0.156,15.018,-30.238,1.2095,-39.511,16.633,0.49468,4,-2.5502,0,31.473,614.06,-1.3686e+005,-13031,33847,181.19,1.2252,0,0,0.8554,-1.3211,17.158,0.96941,109.99,-13031,0.58,0.044444,0,0,1,5,3,18
0.398,0.183,2.0159,-36.185,16.53,-31.246,15.332,0.98429,2,0.32799,0,45.349,98.577,-2694.4,17.15,2637.6,72.019,-0.20078,-0.14048,-0.030482,0,0.23387,15.35,0.99879,83.88,34.301,0.73,0.044444,0,0,1,5,3,18
4.471,0.163,8.3659,-32.758,21.267,-28.625,13.547,0.94987,2,0.30999,20.378,121.23,238.67,-9516.9,581.64,1.4986e+005,121.23,-0.75967,-0.64216,-0.21298,-3.1086e-016,0.46222,13.766,0.98409,84.456,13330,0.77,0.044444,0,0,1,5,3,18
0.41,0.228,29.533,-19.554,12.7,-26.912,18.37,0.77984,4,-2.7295,31.751,77.172,102.55,-1855.5,500.18,1638.6,81.084,1.0408,0,0.13522,0.64234,-2.706,18.509,0.99252,81.18,525.54,0.63,0.044444,0,0,1,5,3,18
0.431,0.36,23.384,-23.586,3.931,-36.89,23.568,0.74581,4,-2.5417,42.824,68.973,120.49,-3969.8,17.744,33565,54.765,2.8304,0.045521,1.6133,2.6218,-2.467,24.533,0.96066,68.147,668,0.73,0.044444,0,0,1,5,3,18
1.159,0.89,2.923,-37.697,20.26,-32.456,18.111,0.78998,2,0.29359,0,2.5917,40.234,-493.34,0,555.42,60.332,-2.071,-1.7735,-0.26027,-0.12565,0.27382,19.762,0.9165,22.204,0,0.62,0.088889,0,0,1,5,3,18
2.096,0.185,4.9389,-34.875,17.437,-31.145,13.043,0.97848,2,0.28998,1.5119,67.615,118.78,-2284,175.95,1583.7,118.33,-0.96663,-0.68194,-0.13125,0.01441,0.22512,13.217,0.98681,71.444,790.23,0.78,0.044444,0,0,1,5,3,18
0.546,0.282,21.771,-28.021,7.1563,-33.564,15.631,0.81598,4,-2.779,28.618,48.756,80.423,-1365.4,376.38,1542.2,44.353,1.0789,-8.8818e-016,0.21773,0.87872,-2.7712,15.938,0.98076,56.517,1499.2,0.57,0.044444,0,0,1,5,3,18
4.824,0.202,17.236,-28.827,3.3262,-37.596,16.443,0.78853,4,-2.5791,36.595,82.178,121.39,-6990.4,17.52,852.36,54.914,1.5236,0,0.41334,1.2497,-2.5285,16.857,0.97542,83.452,750.44,0.69,0.044444,0,0,1,5,3,18
1.179,0.926,3.2254,-37.193,17.74,-33.867,14.891,0.91218,2,0.22528,0,4.717,11.879,-89.669,0,187.86,60.212,-1.6006,-1.4635,-0.79621,-0.098247,0.30912,15.651,0.95141,16.902,0,0.75,0.044444,0,0,1,5,3,18
-1066,0.165,4.5357,-35.278,17.437,-32.657,13.165,0.8503,2,0.2004,22.637,71.274,137.66,-5718.5,-1158.9,24474,72.065,0.21762,0,0.044758,0.19045,-0.0093223,13.373,0.98448,81.046,1533.5,0.76,0.044444,0,0,1,5,3,18
1.115,0.714,27.92,-36.185,27.416,-19.352,16.84,0.83827,3,1.6007,21.076,32.426,53.084,-818.9,-129.58,436.06,38.55,-2.8487,-2.7468,-2.4626,-0.74662,1.468,18.979,0.88731,26.581,-373.39,0.67,0.044444,0,0,1,2,3,18
0.933,0.503,24.493,-34.068,26.912,-19.554,14.714,0.87776,3,1.4056,22.563,29.169,42.605,-566.68,36.334,857.72,47.876,-2.9827,-2.8882,-1.9884,-0.33969,1.5303,16.666,0.8829,33.133,724.32,0.67,0.044444,0,0,1,2,3,18
5.364,0.689,21.671,-44.349,23.485,-29.936,14.527,0.87526,3,1.4456,6.2291,23.966,35.195,-342.39,-11.063,366.1,10.795,-1.5455,-1.3794,-1.0994,-0.20973,1.2707,15.391,0.94387,22.338,672.48,0.58,0.044444,0,0,1,2,3,18
3.967,0.573,16.53,-45.458,19.856,-32.657,13.226,0.91438,3,1.3166,10.007,23.716,47.659,-1272.4,-214.41,1636,28.724,-1.2106,-1.1338,-1.0658,-0.26409,1.2576,13.72,0.96396,23.945,1176,0.65,0.044444,0,0,1,2,3,18
5.104,0.504,14.111,-45.458,16.026,-36.286,9.37,0.9033,3,1.365,9.7992,17.305,30.676,-674.77,-120.46,691.63,2.7998,-0.84029,-0.67472,-0.41093,-0.14106,1.2953,9.671,0.96888,19.189,195.14,0.64,0.044444,0,0,1,2,3,18
1.031,0.438,14.917,-45.156,19.05,-34.371,11.55,0.95882,3,1.2049,15.969,23.492,33.635,-543.31,-203.23,670.89,24.552,-0.61398,-0.48362,-0.18208,0.0015833,1.1557,11.72,0.98549,26.757,0,0.65,0.044444,0,0,1,2,3,18
3.793,0.402,13.708,-44.349,16.933,-36.084,8.8721,0.92891,3,1.1987,10.598,24.41,45.832,-1812.1,-161.12,727.65,15.782,-0.38933,-0.34467,-0.22215,-0.041681,1.0974,9.0321,0.98229,22.468,-126.57,0.61,0.044444,0,0,1,2,3,18
6.664,0.403,15.119,-48.784,20.461,-37.193,12.763,0.93539,3,1.1389,15.018,28.27,52.25,-854.19,237.58,823.26,59.464,-0.60177,-0.53411,-0.26109,0.025074,1.053,12.96,0.98478,32.16,237.58,0.58,0.044444,0,0,1,2,3,18
14.044,0.9,14.917,-46.063,19.151,-32.96,13.77,0.87506,3,1.2583,8.0632,14.702,22.339,-652.55,0.013907,696.44,16.155,-0.64778,-0.59023,-0.3143,0.069352,1.1391,14.234,0.96743,15.815,0,0.58,0.044444,0,0,1,2,3,18
1.437,0.822,14.917,-42.434,21.066,-29.029,14.748,0.93004,3,1.1408,11.447,16.799,26.172,-602.31,-15.315,471.48,19.45,-1.0863,-0.91514,-0.69505,-0.070607,1.0978,15.238,0.96786,18.538,-83.312,0.65,0.044444,0,0,1,2,3,18
1.405,0.499,14.413,-41.124,19.453,-30.44,11.813,0.9559,3,1.13,12.452,21.378,91.614,-4526.7,-204.48,14455,16.325,-0.38356,-0.30479,-0.2408,-0.15532,1.0869,12.034,0.98166,24.116,-34.239,0.63,0.044444,0,0,1,2,3,18
18.652,1.579,12.398,-43.039,21.771,-27.214,18.393,0.89641,3,1.036,5.2605,11.269,21.535,-436.39,3.9968e-012,664.01,9.3857,-1.1771,-0.95835,-0.70868,-0.51204,0.92816,19.175,0.9592,12.144,37.95,0.65,0.044444,0,0,1,2,3,18
1.529,0.862,14.817,-40.821,23.082,-27.113,16.007,0.93957,3,1.0282,9.0146,18.059,32.68,-1347.5,-33.018,1370,27.594,-1.4737,-1.3457,-0.97996,-0.22544,1.0452,16.684,0.95942,19.355,293.98,0.71,0.044444,0,0,1,2,3,18
1.416,0.489,18.143,-36.084,22.88,-27.819,9.5265,0.94659,3,1.0503,10.622,22.797,47.193,-1561.6,-203.44,3887.3,12.868,-0.40738,-0.35096,-0.2858,-0.19111,1.0366,9.8286,0.96926,20.099,-587.03,0.65,0.044444,0,0,1,2,3,18
1.964,0.553,15.22,-39.511,19.856,-30.944,9.7416,0.93815,3,1.0748,9.2267,16.799,23.202,-369.84,8.8882,463.33,25.376,-0.81032,-0.69341,-0.40725,-0.11983,1.0967,10.112,0.96333,18.286,260.32,0.67,0.044444,0,0,1,2,3,18
1.164,0.77,19.856,-37.495,23.384,-30.238,8.0692,0.82766,3,1.1183,7.0933,10.757,20.159,-471.18,-33.063,481.1,7.8455,-0.87125,-0.78161,-0.68869,-0.32219,1.0499,9.0129,0.89529,11.705,91.625,0.58,0.044444,0,0,1,2,3,18
14.65,0.406,18.445,-37.798,22.175,-31.044,7.7145,0.959,3,1.0662,13.158,19.127,39.796,-2199.9,-86.498,7830.4,88.068,-0.32396,-0.11497,0,0.043327,1.0102,7.8849,0.97838,19.421,-493.39,0.59,0.044444,0,0,1,2,3,18
2.21,1.347,17.034,-38.402,29.533,-20.461,21.865,0.9419,3,0.96234,8.6285,15.937,22.797,-630.59,14.606,440.56,51.123,-1.7879,-1.543,-1.3135,-0.36288,0.95545,22.678,0.96418,16.836,-456.07,0.67,0.044444,0,0,1,2,3,18
3.962,3.145,15.119,-46.768,26.206,-23.687,25.607,0.79077,3,1.123,0,8.3994,15.927,-763.59,0,697.76,21.237,-3.1982,-3.09,-2.8931,-1.7476,0.83049,28.629,0.89442,9.1031,158.53,0.68,0.044444,0,0,1,2,3,18
9.427,0.71,16.329,-34.774,20.864,-28.827,7.4791,0.81602,3,0.91921,0,9.1631,20.489,-745.97,0.018055,975.54,12.75,-0.4795,-0.3476,-0.28933,-0.063979,0.67249,8.1692,0.91552,11.506,-45.775,0.68,0.066667,0,0,1,2,3,18
20.689,1.097,17.135,-31.548,17.941,-33.967,2.5499,0.45358,1,-1.249,0,7.1272,14.013,-548.4,0,514.19,2.0999,1.9443,0,0.47811,1.718,0.23011,10.467,0.24361,9.5414,0,0.67,0.044444,0,0,1,2,3,18
1.213,0.52,19.655,-27.013,25.501,-17.84,10.877,0.94527,3,1.0034,9.0047,18.229,26.629,-1121,-49.06,973.55,22.127,-1.1489,-1.0442,-0.7136,-0.042312,0.96615,11.222,0.96922,21.581,-1.9028,0.6,0.044444,0,0,1,2,3,18
6.115,0.325,18.647,-27.315,22.779,-19.957,8.439,0.89031,3,1.0591,8.6796,20.999,35.27,-553.49,38.73,875.3,49.829,-0.92576,-0.66369,-0.4057,-0.029615,1.1764,8.8155,0.9573,27.125,-34.03,0.63,0.044444,0,0,1,2,3,18
0.78,0.353,16.429,-33.463,22.275,-20.26,14.44,0.88999,3,1.154,24.836,37.062,55.423,-1267.3,-476.54,1862.5,51.103,-2.772,-2.4305,-1.3431,-0.13874,1.2043,15.766,0.91591,44.663,-476.54,0.67,0.044444,0,0,1,2,3,18
1.228,0.29,21.469,-27.013,24.997,-19.352,8.4336,0.79262,3,1.1392,11.709,22.538,43.112,-581.06,143.06,1354.7,77.398,-1.8636,-1.4988,-0.89805,-0.05975,1.4734,9.5644,0.88177,32.981,493.49,0.59,0.044444,0,0,1,2,3,18
4.688,0.578,25.602,-23.888,27.517,-17.74,6.4398,0.75394,3,1.2688,7.4308,12.588,16.997,-425.44,-2.0832e-011,687.8,16.189,-1.6928,-1.5457,-1.1595,-0.39124,1.4639,7.8424,0.82114,13.568,-2.0832e-011,0.6,0.044444,0,0,1,2,3,18
4.006,0.174,18.143,-28.222,23.687,-22.679,7.8399,0.9319,2,0.7854,13.915,35.636,73.535,-2575.5,648.68,7434,68.797,-0.4989,-0.22094,-0.17818,0,0.82082,7.9631,0.98453,45.765,877.54,0.68,0.044444,0,0,1,2,3,18
0.979,0.294,18.143,-33.967,21.167,-26.811,7.769,0.88097,3,1.171,19.78,30.238,39.029,-694.07,220.52,904.01,31.135,-1.0553,-0.9346,-0.55707,-0.027461,1.2314,8.252,0.94146,28.068,1040.2,0.63,0.044444,0,0,1,2,3,18
2.009,0.435,13.406,-35.479,17.941,-26.106,10.414,0.50693,3,1.1201,5.5247,10.406,49.366,-731.77,3.4148,662.8,81.479,-1.8468,-1.4739,-0.81365,-0.21922,1.5172,12.223,0.85198,28.098,-100.28,0.73,0.044444,0,0,1,2,3,18
2.065,0.59,6.9548,-43.845,11.188,-33.06,11.586,0.94488,3,1.1968,12.192,18.326,33.768,-1306.5,-32.947,1083.5,31.33,-1.0707,-0.93053,-0.8225,-0.39906,1.207,12.016,0.96425,20.365,183.29,0.62,0.044444,0,0,1,2,3,18
1.627,0.972,11.087,-38.503,13.204,-32.96,5.934,0.73288,3,1.2061,0,6.2996,13.015,-426.29,0,344.42,4.6955,-0.46054,-0.30475,-0.11984,0.094163,0.69277,6.7726,0.87618,6.9677,0,0.63,0.044444,0,0,1,2,3,18
1.539,0.759,12.599,-38.604,14.817,-32.657,6.3468,0.75768,3,1.2139,0,8.3922,20.021,-530.38,0,839.48,2.8509,-0.6771,-0.59498,-0.31854,-0.10789,0.88099,7.225,0.87845,9.5191,556.81,0.64,0.044444,0,0,1,2,3,18
4.527,0.585,11.793,-37.495,15.018,-31.548,6.7652,0.90917,3,1.0738,7.7671,11.87,18.598,-212.81,-45.775,515.5,12.011,-0.27481,-0.19672,-0.15468,0.0015017,0.96948,7.0315,0.96213,12.02,1.2055,0.62,0.044444,0,0,1,2,3,18
1.002,0.707,14.413,-35.076,17.84,-29.533,6.5174,0.83795,3,1.0171,5.0157,10.079,16.997,-385.71,0.0017518,424.91,5.9394,-0.45829,-0.33733,-0.212,-0.098205,0.82401,7.1149,0.91602,10.063,348.77,0.65,0.044444,0,0,1,2,3,18
0.858,0.53,14.514,-34.471,18.445,-28.121,7.4683,0.92856,3,1.0165,7.4648,14.254,30.301,-479.11,39.483,731.38,12.719,-0.75499,-0.57297,-0.39178,-0.20119,1.0452,7.8412,0.95244,14.795,387.37,0.645,0.044444,0,0,1,2,3,18
8.301,0.616,13.809,-35.58,16.631,-30.843,5.5143,0.82419,3,1.0335,0,7.7159,19.536,-643.62,0,419.82,3.5161,-0.5914,-0.53798,-0.43849,-0.25793,0.70092,5.9699,0.92368,9.6914,46.088,0.615,0.044444,0,0,1,2,3,18
7.104,0.804,14.615,-37.294,19.252,-28.525,9.9193,0.90853,3,1.0844,6.5332,11.566,18.954,-1007.7,119.61,716.37,18.771,-0.68826,-0.52183,-0.41173,-0.10293,1.0628,10.365,0.95703,12.891,493.23,0.64,0.044444,0,0,1,2,3,18
0.945,0.413,18.143,-34.27,24.594,-21.771,14.065,0.9079,3,1.0943,17.257,29.246,48.25,-880.56,137.67,878.61,28.984,-1.436,-1.2005,-0.46517,-0.10979,1.0983,14.485,0.971,35.073,139.98,0.63,0.044444,0,0,1,2,3,18
14.117,0.759,11.49,-40.418,14.817,-31.044,9.9464,0.80975,3,1.2298,1.4823,8.3994,24.878,-841.57,-13.998,428.64,4.1997,-0.1716,-0.086717,-0.049027,0.014095,0.98494,10.368,0.95934,13.66,111.24,0.62,0.044444,0,0,1,2,3,18
1.162,0.577,17.74,-34.572,22.275,-23.687,11.793,0.90548,3,1.176,9.1631,18.782,30.889,-696.82,-140,830.49,35.389,-0.66679,-0.59003,-0.35665,-0.11242,1.0884,12.03,0.98032,20.849,-140,0.53,0.044444,0,0,1,2,3,18
8.589,0.755,14.413,-37.697,21.167,-26.408,13.155,0.95505,3,1.0317,7.9191,13.304,58.777,-4122.2,-35.752,23586,22.106,-0.61321,-0.54633,-0.37534,-0.048578,0.98517,13.446,0.97833,17.809,116.38,0.59,0.044444,0,0,1,2,3,18
1.192,0.301,14.817,-35.076,18.848,-27.617,8.4787,0.77266,3,1.0752,7.1642,15.148,41.503,-569.97,-4.9294e-011,855.57,74.766,-0.5392,-0.2279,0,0.057994,0.94335,8.8708,0.9558,29.471,0.018055,0.615,0.044444,0,0,1,2,3,18
9.127,0.734,16.429,-31.952,20.562,-23.989,8.9712,0.89637,3,1.0921,5.1116,10.965,19.685,-718.78,8.8842,553.18,16.62,-0.34653,-0.28651,-0.20157,-0.094559,1.0207,9.1924,0.97594,12.524,128.16,0.59,0.044444,0,0,1,2,3,18
1.01,0.288,25.501,-17.236,30.339,-11.692,7.3579,0.7161,3,0.85325,0.83996,14.879,34.327,-439,98.188,997.48,64.241,-1.0604,-0.91777,-0.50535,-0.042665,1.1038,8.0696,0.91181,28.019,98.188,0.675,0.044444,0,0,1,2,3,18
1.547,0.356,24.997,-19.252,29.129,-13.103,7.4082,0.84301,3,0.97902,7.4597,24.076,36.827,-825.5,122,2102.1,32.623,-1.1547,-1.0597,-0.70077,-0.016868,1.0546,8.0468,0.92064,22.603,242.04,0.6,0.044444,0,0,1,2,3,18
3.582,0.403,17.639,-34.774,21.267,-23.586,11.762,0.67768,3,1.2572,10.08,19.938,41.532,-412.09,115.27,415.68,38.02,-1.8528,-1.619,-1.1428,-0.20445,1.7762,13.396,0.87798,33.242,205.86,0.67,0.044444,0,0,1,2,3,18
2.183,0.241,17.74,-24.694,25.198,-14.917,12.297,0.86166,3,0.9191,13.019,25.199,55.658,-207.77,202.39,847.13,102.36,-1.2557,-0.86704,-0.56922,-0.042381,1.2611,12.792,0.96136,53.077,208.18,0.56,0.044444,0,0,1,2,3,18
16.325,0.889,23.888,-17.236,30.742,-10.281,9.7645,0.77211,3,0.7927,0,8.0764,14.934,-363.2,0,509.1,22.269,-0.70125,-0.38236,-0.37872,-0.21433,0.53345,10.766,0.907,12.11,226.33,0.685,0.044444,0,0,1,2,3,18
1.305,0.628,14.313,-34.27,25.803,-23.787,15.554,0.93989,2,0.73956,15.473,21.382,35.213,-547.03,23.106,634.69,30.26,-2.0066,-1.7283,-1.1509,-0.27695,0.83006,16.264,0.95631,25.898,23.106,0.71,0.044444,0,0,1,2,3,18
1.008,0.794,6.1484,-45.458,5.846,-36.588,8.875,0.74054,3,1.6049,8.2114,15.517,28.825,-498.02,-143.97,669.48,19.489,-0.59296,-0.33483,-0.056091,0.042927,1.4627,12.369,0.7175,15.579,-185.88,0.66,0.044444,0,0,1,2,3,18
1.146,0.511,6.0476,-48.079,7.7611,-34.572,13.615,0.87961,3,1.4446,9.3668,25.199,49.601,-1270.8,-1.9366,1054.9,45.076,-1.4163,-1.3086,-0.83128,-0.029177,1.377,14.137,0.96305,27.665,5.862e-011,0.63,0.044444,0,0,1,2,3,18
9.121,0.515,4.9389,-42.031,8.5675,-31.548,11.093,0.89739,3,1.2376,6.9995,15.517,35.432,-556.1,14.009,558.04,52.867,-1.8464,-1.7262,-1.3774,-0.23702,1.3226,11.849,0.93618,23.008,557.18,0.59,0.044444,0,0,1,2,3,18
1.012,0.754,12.599,-33.463,20.562,-26.106,10.842,0.82888,2,0.74594,5.2544,10.079,31.754,-873.32,34.746,771.51,40.351,-2.6753,-2.2574,-1.5288,-0.22949,1.0717,12.693,0.85415,16.834,0,0.68,0.044444,0,0,1,2,3,18
0.758,0.504,11.793,-36.286,10.483,-30.742,5.6964,0.73981,3,1.8029,5.617,10.406,26.57,-886.45,-143.97,861.11,26.992,1.0843,0.18388,0.43517,0.90154,1.8762,6.7774,0.84049,13.447,-190.23,0.64,0.044444,0,0,1,2,3,18
0.736,0.476,7.6603,-41.023,9.8778,-30.742,10.517,0.90401,3,1.3584,12.389,24.764,77.693,-3389.7,0.054165,23481,13.763,-1.4238,-1.3406,-1.0761,-0.15359,1.3388,11.388,0.92351,23.925,342.21,0.55,0.044444,0,0,1,2,3,18
7.551,0.645,6.7532,-38.503,7.0556,-30.742,7.767,0.83407,3,1.5319,5.6326,10.671,17.008,-483.83,-6.4562,643.27,7.6266,-0.637,-0.45741,-0.37932,-0.20654,1.4781,8.2766,0.93843,12.832,99.985,0.63,0.044444,0,0,1,2,3,18
0.883,0.566,12.801,-35.681,15.321,-28.424,7.6822,0.84582,3,1.2366,8.2723,12.521,20.397,-593.98,-20.735,481.06,9.4798,-0.44302,-0.42147,-0.33524,-0.10566,1.1392,8.3743,0.91735,14.796,158.54,0.65,0.044444,0,0,1,2,3,18
0.87,0.443,11.39,-34.774,12.7,-29.432,5.5004,0.85144,3,1.3303,4.5815,12.729,22.205,-868.33,-86.263,381.16,0,0.2475,-0.10325,-0.049869,0.095491,1.1094,5.7067,0.96385,12.882,9.92,0.68,0.044444,0,0,1,2,3,18
0.727,0.384,12.196,-34.673,14.313,-28.525,6.5026,0.91307,3,1.2392,8.9594,17.205,28.762,-1155.5,-50.413,4203.4,12.116,-0.5437,-0.46793,-0.33747,-0.0035934,1.1257,6.7059,0.96968,17.463,286.43,0.675,0.044444,0,0,1,2,3,18
12.972,0.605,12.7,-34.068,14.01,-27.416,6.7802,0.86451,3,1.3763,8.7281,10.427,23.182,-1837.4,-7.5767,6267.3,6.9062,-0.49597,-0.2778,-0.14534,-0.039857,1.3468,7.3206,0.92619,12.1,205.86,0.67,0.044444,0,0,1,2,3,18
1.276,0.69,14.111,-37.697,17.337,-28.021,10.2,0.75349,3,1.249,9.3539,15.392,20.905,-379.36,-21.73,488.82,14.833,-1.8487,-1.7212,-1.02,-0.39842,1.3432,11.639,0.87631,16.869,345.05,0.63,0.044444,0,0,1,2,3,18
0.766,0.408,11.087,-35.076,12.095,-28.827,6.33,0.82864,3,1.4109,8.534,17.529,40.525,-2447.3,-279.72,1865.3,13.709,-0.36593,-0.3165,-0.15889,-0.038519,1.3867,7.2156,0.87726,17.685,-114.21,0.64,0.044444,0,0,1,2,3,18
1.784,0.432,5.6444,-41.124,8.1643,-32.052,9.4149,0.90892,3,1.2998,8.5821,26.561,37.481,-1216.8,-182.69,934.69,21.68,0.45321,0.086326,0.25898,0.39548,1.2056,9.6362,0.97704,22.306,-142.45,0.61,0.044444,0,0,1,2,3,18
7.583,1.122,12.7,-36.588,12.902,-31.448,5.1444,0.63021,3,1.5316,0,0,11.86,-104.99,0,176.71,12.545,-0.94792,-0.53439,-0.20933,-0.11257,0.5373,6.7259,0.76486,5.9946,1.7048,0.78,0.044444,0,0,1,2,3,18
0.877,0.384,23.283,-38.201,27.617,-30.137,9.1545,0.72122,3,1.0776,12.501,18.326,37.085,-1195.8,81.203,811.6,35.459,-2.7877,-2.5083,-0.87339,-0.15015,1.2982,11.245,0.81411,29.283,415.8,0.6,0.088889,0,0,1,2,3,18
5.959,0.246,14.111,-45.357,15.724,-35.681,9.8097,0.85394,3,1.4056,21.178,49.101,110.77,-5666.4,108.7,6249.6,52.374,-1.7067,-1.5758,-0.87823,-0.17399,1.5553,10.667,0.9196,43.363,-781.23,0.63,0.044444,0,0,1,2,3,18
11.361,0.408,19.05,-30.339,23.485,-25.299,6.7132,0.61138,3,0.84914,14.018,18.593,26.947,-538.37,57.607,448.63,22.748,-2.0945,-1.7597,-1.2122,-0.33838,1.105,9.0319,0.74327,22.137,155.25,0.83,0.088889,0,0,1,2,3,18
1.656,0.216,15.018,-40.922,18.546,-28.525,12.89,0.83288,3,1.2936,28.19,51.765,148.54,-7437.6,-494.69,14938,140.23,-2.5813,-2.2365,-0.99546,0,1.4504,14.208,0.90723,65.777,-494.69,0.595,0.044444,0,0,1,2,3,18
1.101,0.63,11.692,-37.092,14.313,-27.013,10.414,0.86689,3,1.3164,9.9201,18.06,29.042,-649.95,79.762,502.73,28.244,-1.4476,-1.1745,-1.0418,-0.43,1.4367,11.535,0.90288,18.309,307.71,0.725,0.044444,0,0,1,2,3,18
1.352,0.896,7.4587,-40.116,9.8778,-28.726,11.644,0.90022,3,1.3615,5.305,11.199,28.224,-707.52,-52.928,317.32,20.903,-1.1919,-1.0682,-0.91963,-0.53895,1.3234,12.564,0.92674,14.023,-31.021,0.57,0.044444,0,0,1,2,3,18
1.257,0.824,9.8778,-34.673,10.483,-28.222,6.4791,0.77688,3,1.4773,5.2784,8.6465,15.24,-442.14,-59.485,342.25,12.894,-0.62721,-0.5049,-0.078401,0.31266,1.2786,8.5586,0.75702,10.387,63.942,0.66,0.044444,0,0,1,2,3,18
1.53,1.078,8.1643,-34.875,10.684,-53.32,18.617,0.70954,1,-1.435,0,8.3994,14.298,-529.14,0,652.01,10.674,-3.4653,-2.6354,-1.8898,-0.30844,0.8454,34.483,0.53988,31.988,-178.96,0.64,0.088889,0,0,1,2,3,18
1.403,1.084,8.3659,-34.068,10.281,-29.432,5.0164,0.71712,3,1.1791,0,5.3049,10.079,-575.44,0,539.12,13.29,-0.85869,-0.83844,-0.74629,-0.44372,0.59167,6.4642,0.77604,5.9633,-251.98,0.67,0.044444,0,0,1,2,3,18
1.265,0.611,9.4746,-33.867,10.382,-29.331,4.6255,0.77678,3,1.3734,3.988,6.1976,14.608,-458.16,9.2463,295.15,6.8716,-0.75116,-0.63255,-0.49418,-0.15814,1.2158,5.2452,0.88185,8.5847,161.27,0.66,0.044444,0,0,1,2,3,18
1.241,0.583,9.9786,-32.96,11.49,-28.021,5.1651,0.81985,3,1.2737,4.7189,9.0714,17.868,-422.95,0,494.09,18.123,-0.8261,-0.77496,-0.59794,-0.11801,1.1813,5.7014,0.90594,9.7794,0,0.63,0.044444,0,0,1,2,3,18
8.604,0.823,10.18,-33.766,13.607,-27.416,7.2157,0.76897,3,1.0759,4.6906,8.3922,16.101,-392.67,1.2055,334.08,16.95,-1.7853,-1.7167,-1.5994,-0.49109,1.1483,8.9315,0.8079,10.852,1.2055,0.67,0.044444,0,0,1,2,3,18
0.262,0.015,0.10079,-42.938,0.40317,-54.025,11.091,1,1,-1.5435,739.43,739.43,739.43,NaN,NaN,NaN,739.43,-0,0,0,0,-1.5435,11.091,1,739.43,NaN,0.14,0.31111,0,0,1,2,3,18
1.6,0.857,4.0317,-48.784,10.079,-31.649,18.171,0.82427,3,1.2315,0,5.0397,17.949,-984.46,0,881.17,0,6.8378,2.1861,5.5938,6.7791,-0.02125,33.491,0.54257,39.079,-321.94,1.13,0.13333,0,0,1,2,3,18
1.837,0.972,14.01,-30.339,11.894,-37.092,7.0771,0.53186,1,-1.8745,0,8.3994,10.966,-737.22,0,668.89,2.3999,-0.88715,-0.54923,0.11915,0.4018,-1.1857,8.7449,0.80928,8.9968,-131.24,0.74,0.044444,0,0,1,2,3,18
1.148,0.743,9.4746,-36.487,14.514,-28.726,9.2538,0.88556,3,0.99488,8.3995,14.342,22.538,-656.27,-53.593,465.25,28.575,-1.5513,-1.3915,-0.96172,-0.33979,1.0801,11.117,0.8324,14.962,0.013907,0.68,0.044444,0,0,1,2,3,18
1.416,0.592,20.36,-33.363,22.88,-24.392,9.3178,0.91118,3,1.297,6.4793,15.937,41.664,-1293.7,-146.91,1613.5,35.155,-1.7118,-1.6054,-1.3994,-0.68025,1.2995,10.152,0.9178,17.149,-254.37,0.62,0.044444,0,0,1,2,3,18
1.26,0.61,28.625,-27.013,31.649,-22.175,5.7053,0.77937,3,1.0122,7.4648,11.269,17.373,-286.34,-38.849,361.64,12.19,-1.4958,-1.2682,-0.82802,-0.079062,0.96987,7.1583,0.79702,11.735,414.48,0.71,0.044444,0,0,1,2,3,18
1.21,0.739,22.88,-31.649,25.098,-25.501,6.5361,0.81059,3,1.2247,5.3049,8.3994,17.928,-652.44,0,726.1,8.2521,-0.59532,-0.48962,-0.37926,-0.18808,1.0574,7.3168,0.89329,9.901,0,0.62,0.044444,0,0,1,2,3,18
1.118,0.689,24.392,-30.238,27.819,-24.09,7.039,0.78834,3,1.0623,7.1272,11.87,18.174,-345.35,-30.848,317.86,8.0504,-1.3885,-1.304,-1.0175,-0.39186,1.1112,8.4237,0.83561,12.226,-179.94,0.655,0.044444,0,0,1,2,3,18
1.02,0.588,14.413,-33.766,14.413,-25.602,8.1643,0.8971,3,1.5708,10.079,15.119,19.464,-597.75,-0.0035036,435.15,16.776,0.30238,-0.10079,0.10079,0.30238,1.4965,8.3385,0.9791,14.181,0,0.62,0.044444,0,0,1,2,3,18
2.476,0.663,7.4587,-37.999,3.1246,-32.657,6.8791,0.84077,3,2.2524,7.5023,11.269,23.406,-502.18,10.007,388.14,21.924,1.7855,0.59088,1.2885,1.5802,2.061,8.9227,0.77097,13.458,109.62,0.66,0.044444,0,0,1,2,3,18
6.898,0.102,3.0238,-43.744,2.5198,-42.837,1.0377,0.65148,3,2.0779,2.6727,11.879,20.816,-1196.1,-331.56,1025.1,10.521,-0.11748,-0.06853,-0.02937,0,1.7901,1.0979,0.94517,10.764,-253.1,0.47,0.044444,0,0,1,2,3,18
1.392,0.627,17.941,-38.302,21.167,-29.936,8.9661,0.79452,3,1.2028,5.6144,12.419,20.614,-479.56,0,481.38,29.244,-0.98918,-0.77333,-0.12351,-0.021189,1.0556,9.616,0.93242,15.336,0,0.59,0.044444,0,0,1,2,3,18
4.832,0.229,18.143,-34.673,19.554,-30.641,4.2716,0.91189,3,1.2341,5.7644,16.799,29.218,-897.06,118.49,1129.9,28.194,-0.39957,-0.21072,-0.07373,-0.0033297,1.2507,4.4298,0.96427,19.344,31.114,0.6,0.044444,0,0,1,2,3,18
0.9,0.544,11.087,-38.402,18.244,-29.633,11.319,0.90611,3,0.88632,9.4242,20.489,30.567,-615.86,152.74,823.99,35.695,-2.2664,-2.1426,-0.85719,-0.047931,0.95719,12.531,0.90327,23.034,129.61,0.74,0.044444,0,0,1,2,3,18
3.412,0.352,14.817,-35.379,18.143,-29.129,7.0793,0.87453,3,1.0817,5.618,25.429,142.53,-6455.9,-158.33,69126,34.775,-0.91558,-0.76031,-0.56255,-0.16948,1.2169,7.5282,0.94037,21.387,15.072,0.69,0.044444,0,0,1,2,3,18
2.03,0.861,13.91,-48.986,15.724,-37.596,11.533,0.7846,3,1.4128,5.5702,12.771,31.108,-767.55,-128.7,1275.4,6.5735,-0.61661,-0.51223,-0.24136,0,1.2795,12.659,0.91105,14.703,-480.02,0.575,0.044444,0,0,1,2,3,18
5.548,3.214,11.894,-46.667,14.212,-29.835,16.991,0.69179,3,1.4339,0,5.0397,10.051,-646.11,0,455.6,8.3994,-0.57878,-0.40215,-0.27205,0.063976,0.81716,19.242,0.88302,5.987,-224.01,0.67,0.044444,0,0,1,2,3,18
1.166,0.633,9.3738,-36.487,11.39,-30.843,5.9936,0.87288,3,1.2278,5.3196,10.345,20.324,-763.9,-120.01,891.61,6.1937,-0.29833,-0.23934,-0.14238,0,1.1695,6.4534,0.92876,10.195,-165.27,0.64,0.044444,0,0,1,2,3,18
0.897,0.477,11.692,-34.471,13.506,-30.44,4.4212,0.86064,3,1.1479,4.9677,8.8592,21.307,-519.93,-63.827,390.22,11.269,-0.34468,-0.29505,-0.216,0.00091916,1.0758,4.7432,0.93211,9.9438,-63.827,0.655,0.044444,0,0,1,2,3,18
1.06,0.749,11.994,-35.379,13.002,-30.843,4.6464,0.78798,3,1.3521,5.0397,8.0691,9.7434,-286.98,0,300.38,4.1925,-0.26238,-0.17492,-0.098393,-0.0098393,1.143,5.1525,0.90176,6.8792,414.48,0.67,0.044444,0,0,1,2,3,18
0.775,0.475,12.196,-34.673,13.708,-30.339,4.5903,0.82099,3,1.2352,5.3049,10.965,19.015,-1184.7,25.906,1186.8,3.5636,-0.12837,-0.065291,-0.0022132,0.046478,1.0743,5.0274,0.91304,10.584,138.61,0.61,0.044444,0,0,1,2,3,18
7.482,0.492,12.297,-34.169,13.91,-31.044,3.5162,0.81363,3,1.0943,0,8.152,16.952,-360.23,0,419,13.044,-0.39583,-0.35249,-0.15602,0.031493,0.79015,3.8506,0.91316,7.8264,136.16,0.65,0.044444,0,0,1,2,3,18
0.818,0.533,9.3738,-38.806,11.289,-33.463,5.675,0.86085,3,1.2266,5.2784,11.87,18.329,-461.44,-60.051,601.15,0.95088,-0.43144,-0.32331,-0.21662,-0.07859,1.0797,5.9847,0.94825,11.228,-60.051,0.67,0.044444,0,0,1,2,3,18
0.817,0.472,4.1325,-42.333,8.2651,-34.875,8.527,0.96404,3,1.0648,11.328,17.041,36.864,-827.47,-7.6534,373.82,9.4947,-0.17752,-0.14595,-0.10008,4.4409e-016,1.0231,8.6466,0.98617,18.319,311.47,0.67,0.044444,0,0,1,2,3,18
0.784,0.486,4.3341,-41.829,8.5675,-34.572,8.4016,0.94245,3,1.0427,9.5469,14.976,25.177,-2505.5,0,313.82,11.566,0.23217,-0.017413,0.036276,0.15309,1.0173,8.5181,0.98632,17.527,94.164,0.65,0.044444,0,0,1,2,3,18
0.894,0.578,5.1405,-40.821,8.6683,-34.774,7.0014,0.86572,3,1.0427,6.8896,12.2,19.684,-432.95,-114.92,407.86,3.2396,0.39179,-0.032649,0.021766,0.18864,0.89466,7.546,0.92783,13.055,-114.92,0.61,0.044444,0,0,1,2,3,18
0.731,0.494,4.5357,-38.705,8.4667,-34.471,5.777,0.9116,3,0.82242,6.4792,11.87,22.723,-676.87,32.398,956.05,8.362,-0.39041,-0.33026,0,0.080719,0.66444,6.1335,0.94187,12.416,439.94,0.65,0.044444,0,0,1,2,3,18
1.009,0.689,2.923,-40.821,8.5675,-34.169,8.7243,0.86205,3,0.86718,5.0644,12.568,27.651,-692.37,0,653.11,0,-0.69403,-0.51191,-0.2655,-0.19889,0.74311,9.3331,0.93477,13.546,-59.294,0.66,0.044444,0,0,1,2,3,18
0.827,0.504,5.1405,-40.317,6.5516,-36.185,4.3668,0.80602,3,1.2417,4.8717,9.1631,17.436,-622.44,-158.91,480.87,3.8525,-0.18845,-0.1233,-0.080264,0.083056,1.0555,4.8035,0.90909,9.5308,-297.05,0.62,0.044444,0,0,1,2,3,18
0.816,0.534,3.3262,-41.124,6.7532,-34.471,7.4832,0.88113,3,1.0951,8.3996,14.699,20.697,-433.14,-20.718,487.55,16.376,-0.66795,-0.6112,-0.45345,-0.18002,1.1588,7.9665,0.93934,14.918,205.86,0.55,0.044444,0,0,1,2,3,18
0.76,0.525,1.2095,-42.233,4.2333,-36.89,6.1385,0.86676,3,1.0557,6.2257,12.437,19.179,-621.01,-34.078,985.86,14.707,-0.58257,-0.48227,-0.31611,0,0.90787,6.6349,0.92518,12.638,-4.1502e-011,0.63,0.044444,0,0,1,2,3,18
0.893,0.595,1.4111,-41.527,3.7294,-37.596,4.5636,0.81903,3,1.038,0.39595,6.7878,17.121,-1123.5,0,514.52,4.207,0.59661,-0.11442,1.1102e-016,0.40739,0.83506,5.0878,0.89698,8.5509,0,0.63,0.044444,0,0,1,2,3,18
2.569,0.152,4.6365,-38.705,5.3421,-38.1,0.92927,0.8844,2,0.70863,0.50396,5.7869,8.9256,-1194.2,40.407,22205,6.2112,0.19679,0,0.065596,0.18257,0.46981,1.0382,0.89505,6.8305,40.407,0.565,0.044444,0,0,1,2,3,18
2.291,1.502,21.57,-30.641,20.663,-29.936,1.1492,0.25741,4,2.4805,0,8.0691,11.176,-274.98,0,192.46,5.1608,-4.314,-4.1726,-1.8653,-0.18564,0.51957,10.887,0.10556,7.2483,37.153,0.58,0.044444,0,0,1,2,3,18
4.355,0.08,14.111,-37.798,14.212,-37.898,0.14254,0.84984,2,-0.7854,0,0,3.6856,-3645.7,0,174.38,0,0.071272,0,0,0.071272,-0.1974,0.20159,0.70711,2.5198,0,0.41,0.044444,0,0,1,2,3,18
0.691,0.147,13.607,-26.206,13.809,-26.408,0.28509,0.61775,1,-0.7854,0,0,11.879,-813.15,0,1046.3,5.9394,-0.14254,-0.14254,-0.14254,-0.021382,0.042875,0.94796,0.30074,6.4487,0,0.67,0.044444,0,0,1,2,3,18
1.135,0.125,13.708,-29.633,13.91,-29.936,0.36342,0.88353,1,-0.98279,0,0,7.4398,-247.04,0,270.73,5.4824,0.05591,0,0.05591,0.05591,-0.25103,0.38588,0.94178,3.087,0,0.57,0.044444,0,0,1,2,3,18
3.207,0.683,27.819,-31.246,28.525,-26.71,4.5903,0.66777,3,1.4165,0,8.3995,12.329,-935.38,0,633.74,7.6651,-0.45814,-0.36297,-0.13943,0.28175,1.0178,5.5672,0.82452,8.1511,-140,0.455,0.044444,0,0,1,2,3,18
NaN,0.376,3.2254,-38.302,5.5437,-32.153,6.5709,0.93263,3,1.2102,12.109,16.799,30.826,-909.94,6.897,755.37,24.754,-0.63081,-0.5515,-0.44837,-0.13513,1.2448,6.8072,0.96529,18.104,245.66,0.57,0.044444,0,0,1,2,3,18
